[
  {
    "brand_id": 10001,
    "brand_cate": "type_man",
    "brand_cateName": "男装",
    "brand_status": "temai",
    "brand_name": "商品名字1",
    "brand_price": 110,
    "brand_desc": "商品描述商品描述商品描述商品描述",
    "brand_pic": "http://ohe5avf3y.bkt.clouddn.com/pro/vue/vue-shop/vue-proj-goods.jpg"
  },
  {
    "brand_id": 10002,
    "brand_cate": "type_man",
    "brand_cateName": "男装",
    "brand_status": "temai",
    "brand_name": "商品名字1",
    "brand_price": 120,
    "brand_desc": "商品描述商品描述商品描述商品描述",
    "brand_pic": "http://s11.mogucdn.com/mlcdn/c45406/170602_52gblji4hd3ad0i9eeghf9kebg482_640x960.jpg_240x308.v1cAC.70.webp"
  },
  {
    "brand_id": 10003,
    "brand_cate": "type_man",
    "brand_cateName": "男装",
    "brand_status": "temai",
    "brand_name": "商品名字1",
    "brand_price": 130,
    "brand_desc": "商品描述商品描述商品描述商品描述",
    "brand_pic": "http://s2.mogucdn.com/mlcdn/c45406/170603_2lbjee355ek1675be7jb0j5lcl75a_640x960.png_240x308.v1cAC.70.webp"
  },
  {
    "brand_id": 10004,
    "brand_cate": "type_man",
    "brand_cateName": "男装",
    "brand_status": "rexiao",
    "brand_name": "商品名字1",
    "brand_price": 140,
    "brand_desc": "商品描述商品描述商品描述商品描述",
    "brand_pic": "http://s3.mogucdn.com/mlcdn/c45406/170604_37d4jkh07056ce39ig0f978kki6lc_640x960.jpg_240x308.v1cAC.70.webp"
  },
  {
    "brand_id": 10005,
    "brand_cate": "type_man",
    "brand_cateName": "男装",
    "brand_status": "rexiao",
    "brand_name": "商品名字1",
    "brand_price": 150,
    "brand_desc": "商品描述商品描述商品描述商品描述",
    "brand_pic": "http://s3.mogucdn.com/mlcdn/17f85e/170506_5j6jff5k457k0h43h33gid14a7j93_640x960.jpg_240x308.v1cAC.70.webp"
  },
  {
    "brand_id": 10006,
    "brand_cate": "type_man",
    "brand_cateName": "男装",
    "brand_status": "rexiao",
    "brand_name": "商品名字1",
    "brand_price": 160,
    "brand_desc": "商品描述商品描述商品描述商品描述",
    "brand_pic": "http://s2.mogucdn.com/mlcdn/c45406/170507_14l6dgfe1a33ffj4keiahlc1gaeed_640x960.jpg_240x308.v1cAC.70.webp"
  },
  {
    "brand_id": 10007,
    "brand_cate": "type_man",
    "brand_cateName": "男装",
    "brand_status": "jingpin",
    "brand_name": "商品名字1",
    "brand_price": 170,
    "brand_desc": "商品描述商品描述商品描述商品描述",
    "brand_pic": "http://s2.mogucdn.com/mlcdn/c45406/170623_380bf1ela7jb2f65ggadh2d1ll9bg_640x960.jpg_240x308.v1cAC.70.webp"
  },
  {
    "brand_id": 10008,
    "brand_cate": "type_man",
    "brand_cateName": "男装",
    "brand_status": "jingpin",
    "brand_name": "商品名字1",
    "brand_price": 180,
    "brand_desc": "商品描述商品描述商品描述商品描述",
    "brand_pic": "http://s3.mogucdn.com/mlcdn/c45406/170427_8ef6fhgg8kl08iil5809dffc1de8c_640x960.jpg_240x308.v1cAC.70.webp"
  },
  {
    "brand_id": 10009,
    "brand_cate": "type_man",
    "brand_cateName": "男装",
    "brand_status": "jingpin",
    "brand_name": "商品名字1",
    "brand_price": 190,
    "brand_desc": "商品描述商品描述商品描述商品描述",
    "brand_pic": "http://s2.mogucdn.com/mlcdn/c45406/170622_4ehkgj2ag7el2ckb59d3h586bb0ja_640x960.jpg_240x308.v1cAC.70.webp"
  },
  {
    "brand_id": 10010,
    "brand_cate": "type_man",
    "brand_cateName": "男装",
    "brand_status": "jingpin",
    "brand_name": "商品名字1",
    "brand_price": 200,
    "brand_desc": "商品描述商品描述商品描述商品描述",
    "brand_pic": "http://s17.mogucdn.com/mlcdn/c45406/170421_0eg9hh8gh6jj37f07h3j2k5jah9e2_640x960.jpg_240x308.v1cAC.70.webp"
  },
  {
    "brand_id": 10011,
    "brand_cate": "type_man",
    "brand_cateName": "男装",
    "brand_status": "jingpin",
    "brand_name": "商品名字1",
    "brand_price": 220,
    "brand_desc": "商品描述商品描述商品描述商品描述",
    "brand_pic": "http://s2.mogucdn.com/mlcdn/c45406/170526_3b6a34eai87154g6i11a71ab5h3kb_640x960.jpg_240x308.v1cAC.70.webp"
  },
  {
    "brand_id": 10012,
    "brand_cate": "type_man",
    "brand_cateName": "男装",
    "brand_status": "jingpin",
    "brand_name": "商品名字1",
    "brand_price": 230,
    "brand_desc": "商品描述商品描述商品描述商品描述",
    "brand_pic": "http://s3.mogucdn.com/mlcdn/17f85e/170510_6efkgcc5ec9a9g02d87fl028014k9_640x960.jpg_240x308.v1cAC.70.webp"
  },
  {
    "brand_id": 10013,
    "brand_cate": "type_man",
    "brand_cateName": "男装",
    "brand_status": "jingpin",
    "brand_name": "商品名字1",
    "brand_price": 240,
    "brand_desc": "商品描述商品描述商品描述商品描述",
    "brand_pic": "http://s3.mogucdn.com/mlcdn/c45406/170703_4d7d9777201jfi7k5cbfdlg2l2581_640x960.jpg_240x308.v1cAC.70.webp"
  },
  {
    "brand_id": 10014,
    "brand_cate": "type_man",
    "brand_cateName": "男装",
    "brand_status": "jingpin",
    "brand_name": "商品名字1",
    "brand_price": 250,
    "brand_desc": "商品描述商品描述商品描述商品描述",
    "brand_pic": "http://s2.mogucdn.com/mlcdn/c45406/170620_5llbg7ba6gjihcg0jedc16cb59j1i_640x960.jpg_240x308.v1cAC.70.webp"
  },
  {
    "brand_id": 10015,
    "brand_cate": "type_man",
    "brand_cateName": "男装",
    "brand_status": "jingpin",
    "brand_name": "商品名字1",
    "brand_price": 260,
    "brand_desc": "商品描述商品描述商品描述商品描述",
    "brand_pic": "http://s3.mogucdn.com/mlcdn/c45406/170519_52k6ifbb318a1ii3j1he09ck8f323_800x1200.jpg_240x308.v1cAC.70.webp"
  },
  {
    "brand_id": 10016,
    "brand_cate": "type_man",
    "brand_cateName": "男装",
    "brand_status": "jingpin",
    "brand_name": "商品名字1",
    "brand_price": 270,
    "brand_desc": "商品描述商品描述商品描述商品描述",
    "brand_pic": "http://s3.mogucdn.com/mlcdn/c45406/170421_0fb1c9d3j3hf0932i4l61ljb28deh_640x960.jpg_240x308.v1cAC.70.webp"
  },
  {
    "brand_id": 10017,
    "brand_cate": "type_man",
    "brand_cateName": "男装",
    "brand_status": "jingpin",
    "brand_name": "商品名字1",
    "brand_price": 280,
    "brand_desc": "商品描述商品描述商品描述商品描述",
    "brand_pic": "http://s11.mogucdn.com/mlcdn/c45406/170627_867h059le4g5ci0b05k5887dlka0d_640x960.jpg_240x308.v1cAC.70.webp"
  },
  {
    "brand_id": 10018,
    "brand_cate": "type_man",
    "brand_cateName": "男装",
    "brand_status": "jingpin",
    "brand_name": "商品名字1",
    "brand_price": 290,
    "brand_desc": "商品描述商品描述商品描述商品描述",
    "brand_pic": "http://s3.mogucdn.com/mlcdn/c45406/170623_2c0fe84793fbda75cd0je7gi74fdd_640x960.jpg_240x308.v1cAC.70.webp"
  },
  {
    "brand_id": 10019,
    "brand_cate": "type_man",
    "brand_cateName": "男装",
    "brand_status": "jingpin",
    "brand_name": "商品名字1",
    "brand_price": 300,
    "brand_desc": "商品描述商品描述商品描述商品描述",
    "brand_pic": "http://s3.mogucdn.com/mlcdn/c45406/170426_14b064a69k4dgd61kd1fi6k1ig74g_640x960.png_240x308.v1cAC.70.webp"
  },
  {
    "brand_id": 10020,
    "brand_cate": "type_man",
    "brand_cateName": "男装",
    "brand_status": "jingpin",
    "brand_name": "商品名字1",
    "brand_price": 201,
    "brand_desc": "商品描述商品描述商品描述商品描述",
    "brand_pic": "http://s2.mogucdn.com/mlcdn/c45406/170601_1c5fkcjibfc38ld6b935066ahd0ch_640x960.jpg_240x308.v1cAC.70.webp"
  }
]