[  {    "name": "15011760730",    "brand_id": 10002,    "brand_cate": "男装",    "brand_name": "商品名字2",    "brand_price": 120,    "brand_desc": "商品描述商品描述商品描述商品描述",    "brand_pic": "http://ohe5avf3y.bkt.clouddn.com/pro/vue/vue-shop/vue-proj-goods.jpg",    "cart_num": 1,    "cart_isSelect": false  },  {    "name": "15011760730",    "brand_id": 10003,    "brand_cate": "男装",    "brand_name": "商品名字3",    "brand_price": 120,    "brand_desc": "商品描述商品描述商品描述商品描述",    "brand_pic": "http://ohe5avf3y.bkt.clouddn.com/pro/vue/vue-shop/vue-proj-goods.jpg",    "cart_num": 1,    "cart_isSelect": false  }]