{
    "state": 1,
    "msg": "success",
    "data": {
        "temai": [
            {
                "id": 100048,
                "type": "type_man",
                "brand_price": 79.9,
                "brand_name": "商品名字1",
                "brand_desc": "商品描述商品描述",
                "brand_pic_url": "http://ohe5avf3y.bkt.clouddn.com/pro/vue/vue-shop/vue-proj-goods.jpg"
            },
            {
                "id": 100047,
                "type": "type_man",
                "brand_price": 89.9,
                "brand_name": "商品名字2",
                "brand_desc": "商品描述商品描述",
                "brand_pic_url": "http://ohe5avf3y.bkt.clouddn.com/pro/vue/vue-shop/vue-proj-goods.jpg"
            },
            {
                "id": 100041,
                "type": "type_man",
                "brand_price": 99.9,
                "brand_name": "商品名字3",
                "brand_desc": "商品描述商品描述",
                "brand_pic_url": "http://ohe5avf3y.bkt.clouddn.com/pro/vue/vue-shop/vue-proj-goods.jpg"
            }
        ],
        "rexiao": [
            {
                "id": 100048,
                "type": "type_man",
                "brand_price": 49.9,
                "brand_name": "商品名字4",
                "brand_desc": "商品描述商品描述",
                "brand_pic_url": "http://ohe5avf3y.bkt.clouddn.com/pro/vue/vue-shop/vue-proj-goods.jpg"
            },
            {
                "id": 100047,
                "type": "type_man",
                "brand_price": 59.9,
                "brand_name": "商品名字5",
                "brand_desc": "商品描述商品",
                "brand_pic_url": "http://ohe5avf3y.bkt.clouddn.com/pro/vue/vue-shop/vue-proj-goods.jpg"
            },
            {
                "id": 100041,
                "type": "type_man",
                "brand_price": 69.9,
                "brand_name": "商品名字6",
                "brand_desc": "商品描述商品",
                "brand_pic_url": "http://ohe5avf3y.bkt.clouddn.com/pro/vue/vue-shop/vue-proj-goods.jpg"
            }
        ],
        "jingpin": [
            {
                "id": 100048,
                "type": "type_man",
                "brand_price": 19.9,
                "brand_name": "商品名1字",
                "brand_desc": "商品描述商品描述",
                "brand_pic_url": "http://ohe5avf3y.bkt.clouddn.com/pro/vue/vue-shop/vue-proj-goods.jpg"
            },
            {
                "id": 100047,
                "type": "type_man",
                "brand_price": 29.9,
                "brand_name": "商品名2字",
                "brand_desc": "商品描述商品描述",
                "brand_pic_url": "http://ohe5avf3y.bkt.clouddn.com/pro/vue/vue-shop/vue-proj-goods.jpg"
            },
            {
                "id": 100041,
                "type": "type_man",
                "brand_price": 39.9,
                "brand_name": "商品名3字",
                "brand_desc": "商品描述商品描述",
                "brand_pic_url": "http://ohe5avf3y.bkt.clouddn.com/pro/vue/vue-shop/vue-proj-goods.jpg"
            },
            {
                "id": 100042,
                "type": "type_man",
                "brand_price": 49.9,
                "brand_name": "商品名4字",
                "brand_desc": "商品描述商品描述",
                "brand_pic_url": "http://ohe5avf3y.bkt.clouddn.com/pro/vue/vue-shop/vue-proj-goods.jpg"
            }
        ]
    }
}