{
    "tgt_stids": "",
    "data": {
        "poilist": [
            {
                "id": 353979306032071,
                "mt_poi_id": 94166862,
                "name": "如意馄饨(东湖国际店)",
                "support_coupon": 0,
                "is_favorite": 0,
                "sort_reason_type": 0,
                "sort_reason_tag": "",
                "delivery_type": 1,
                "mt_delivery_time": "30分钟",
                "status": 1,
                "origin_status": 1,
                "status_desc": "",
                "pic_url": "http://p0.meituan.net/xianfu/829ddf0c82683c1311c29444646818be46396.jpg",
                "pic_url_square": "",
                "avg_delivery_time": 30,
                "shipping_fee": 4,
                "shipping_fee_discount": 0,
                "min_price": 20,
                "new_promotion": 0,
                "discounts2": [
                    {
                        "id": -3,
                        "type": 99,
                        "info": "由美团专送提供高品质送餐服务",
                        "icon_url": "http://p0.meituan.net/xianfu/51639e2e7a51c71d967acc44a060e3092048.png",
                        "use_icon_from_server": 1,
                        "display_code": 1,
                        "sequence": 49
                    }
                ],
                "shipping_time_info": {
                    "in_shipping_time": 1,
                    "beg_shipping_time": "",
                    "status_content": "",
                    "desc_content": "",
                    "reservation_status": 0
                },
                "month_sale_num": 1435,
                "wm_poi_score": 4.7,
                "shipping_time_x": "[[\"07:45-20:30\"],[\"07:45-20:30\"],[\"07:45-20:30\"],[\"07:45-20:30\"],[\"07:45-20:30\"],[\"07:45-20:30\"],[\"07:45-20:30\"]]",
                "pre_book": 1,
                "brand_type": 30813,
                "sales": 1435,
                "priority": 0,
                "wm_poi_opening_days": 574,
                "buz_type": 0,
                "across_book_offset_days": 0,
                "across_book_max_days": 0,
                "latitude": 30560277,
                "longitude": 114350764,
                "primitiveDistance": 1.7976931348623157e+308,
                "distance": "2.5km",
                "poi_type_icon": "http://p0.meituan.net/xianfu/424019d742dbb6b0193ce7ac54a843201104.png",
                "ad_attr": "",
                "shipping_fee_tip": "配送 ¥4",
                "min_price_tip": "起送 ¥20",
                "average_price_tip": "人均 ¥17",
                "recommend_info": {
                    "icon": "",
                    "recommend_reason": ""
                },
                "support_pay": 2,
                "invoice_support": 0,
                "invoice_min_price": 0,
                "charge_info": "",
                "ad_type": 0,
                "wm_poi_view_id": "353979306032071"
            },
            {
                "id": 325890219946269,
                "mt_poi_id": 152517825,
                "name": "阿普阿朴冒菜铺（汉街店）",
                "support_coupon": 0,
                "is_favorite": 0,
                "sort_reason_type": 0,
                "sort_reason_tag": "",
                "delivery_type": 1,
                "mt_delivery_time": "40分钟",
                "status": 1,
                "origin_status": 1,
                "status_desc": "",
                "pic_url": "http://p0.meituan.net/xianfu/4c9e0d4356522fa1e50effd10d4f663f49152.jpg",
                "pic_url_square": "",
                "avg_delivery_time": 40,
                "shipping_fee": 4,
                "shipping_fee_discount": 0,
                "min_price": 20,
                "new_promotion": 0,
                "discounts2": [
                    {
                        "id": -3,
                        "type": 99,
                        "info": "由美团专送提供高品质送餐服务",
                        "icon_url": "http://p0.meituan.net/xianfu/51639e2e7a51c71d967acc44a060e3092048.png",
                        "use_icon_from_server": 1,
                        "display_code": 1,
                        "sequence": 49
                    }
                ],
                "shipping_time_info": {
                    "in_shipping_time": 0,
                    "beg_shipping_time": "10:00",
                    "status_content": "接受预订",
                    "desc_content": "10:00后开始配送",
                    "reservation_status": 0
                },
                "month_sale_num": 2616,
                "wm_poi_score": 4.7,
                "shipping_time_x": "[[\"10:00-20:30\"],[\"10:00-20:30\"],[\"10:00-20:30\"],[\"10:00-20:30\"],[\"10:00-20:30\"],[\"10:00-20:30\"],[\"10:00-20:30\"]]",
                "pre_book": 1,
                "brand_type": 31499,
                "sales": 2616,
                "priority": 0,
                "wm_poi_opening_days": 190,
                "buz_type": 0,
                "across_book_offset_days": 0,
                "across_book_max_days": 0,
                "latitude": 30552582,
                "longitude": 114339313,
                "primitiveDistance": 1.7976931348623157e+308,
                "distance": "1.0km",
                "poi_type_icon": "http://p0.meituan.net/xianfu/424019d742dbb6b0193ce7ac54a843201104.png",
                "ad_attr": "",
                "shipping_fee_tip": "配送 ¥4",
                "min_price_tip": "起送 ¥20",
                "average_price_tip": "人均 ¥21",
                "recommend_info": {
                    "icon": "",
                    "recommend_reason": ""
                },
                "support_pay": 2,
                "invoice_support": 0,
                "invoice_min_price": 0,
                "charge_info": "",
                "ad_type": 0,
                "wm_poi_view_id": "325890219946269"
            },
            {
                "id": 390215945099307,
                "mt_poi_id": 161104408,
                "name": "砂锅锅粥饺派",
                "support_coupon": 0,
                "is_favorite": 0,
                "sort_reason_type": 0,
                "sort_reason_tag": "",
                "delivery_type": 0,
                "mt_delivery_time": "35分钟",
                "status": 1,
                "origin_status": 1,
                "status_desc": "",
                "pic_url": "http://p0.meituan.net/xianfu/168034337b679ad0a12c0e136328f102165888.jpg",
                "pic_url_square": "",
                "avg_delivery_time": 35,
                "shipping_fee": 2.5,
                "shipping_fee_discount": 0,
                "min_price": 15,
                "new_promotion": 1,
                "discounts2": [
                    {
                        "id": 103,
                        "type": 24,
                        "info": "本店新用户可领1元代金券",
                        "icon_url": "http://p0.meituan.net/xianfu/c2c0f31d0ebf0f60af115d058169c492992.png",
                        "use_icon_from_server": 1,
                        "display_code": 2,
                        "sequence": 6
                    }
                ],
                "shipping_time_info": {
                    "in_shipping_time": 1,
                    "beg_shipping_time": "",
                    "status_content": "",
                    "desc_content": "",
                    "reservation_status": 0
                },
                "month_sale_num": 876,
                "wm_poi_score": 4.3,
                "shipping_time_x": "[[\"08:00-22:00\"],[\"08:00-22:00\"],[\"08:00-22:00\"],[\"08:00-22:00\"],[\"08:00-22:00\"],[\"08:00-22:00\"],[\"08:00-22:00\"]]",
                "pre_book": 0,
                "brand_type": 0,
                "sales": 876,
                "priority": 0,
                "wm_poi_opening_days": 7,
                "buz_type": 0,
                "across_book_offset_days": 0,
                "across_book_max_days": 0,
                "latitude": 30544307,
                "longitude": 114327125,
                "primitiveDistance": 1.7976931348623157e+308,
                "distance": "2.0km",
                "poi_type_icon": "http://p0.meituan.net/xianfu/1d8aa7f1ef0946e602d4ef5317388d831457.png",
                "ad_attr": "",
                "shipping_fee_tip": "配送 ¥2.5",
                "min_price_tip": "起送 ¥15",
                "average_price_tip": "人均 ¥15",
                "recommend_info": {
                    "icon": "",
                    "recommend_reason": ""
                },
                "support_pay": 2,
                "invoice_support": 0,
                "invoice_min_price": 0,
                "charge_info": "",
                "ad_type": 0,
                "wm_poi_view_id": "390215945099307"
            },
            {
                "id": 412236242424747,
                "mt_poi_id": 91536567,
                "name": "特色经济小炒（省机关二食堂店）",
                "support_coupon": 0,
                "is_favorite": 0,
                "sort_reason_type": 0,
                "sort_reason_tag": "",
                "delivery_type": 1,
                "mt_delivery_time": "40分钟",
                "status": 1,
                "origin_status": 1,
                "status_desc": "",
                "pic_url": "http://p0.meituan.net/xianfu/d077ddb3b1a4347437e63d7ddc3f3c7a34816.jpg",
                "pic_url_square": "",
                "avg_delivery_time": 40,
                "shipping_fee": 4,
                "shipping_fee_discount": 0,
                "min_price": 20,
                "new_promotion": 0,
                "discounts2": [
                    {
                        "id": 100,
                        "type": 20,
                        "info": "实际支付60元返5元商家代金券",
                        "icon_url": "http://p0.meituan.net/xianfu/652eea4034250563fe11b02e3219ba8d981.png",
                        "use_icon_from_server": 1,
                        "display_code": 2,
                        "sequence": 7
                    },
                    {
                        "id": -3,
                        "type": 99,
                        "info": "由美团专送提供高品质送餐服务",
                        "icon_url": "http://p0.meituan.net/xianfu/51639e2e7a51c71d967acc44a060e3092048.png",
                        "use_icon_from_server": 1,
                        "display_code": 1,
                        "sequence": 49
                    }
                ],
                "shipping_time_info": {
                    "in_shipping_time": 0,
                    "beg_shipping_time": "10:00",
                    "status_content": "接受预订",
                    "desc_content": "10:00后开始配送",
                    "reservation_status": 0
                },
                "month_sale_num": 1206,
                "wm_poi_score": 4.7,
                "shipping_time_x": "[[\"10:00-19:50\"],[\"10:00-19:50\"],[\"10:00-19:50\"],[\"10:00-19:50\"],[\"10:00-19:50\"],[\"10:00-19:50\"],[\"10:00-19:50\"]]",
                "pre_book": 1,
                "brand_type": 0,
                "sales": 1206,
                "priority": 0,
                "wm_poi_opening_days": 389,
                "buz_type": 0,
                "across_book_offset_days": 0,
                "across_book_max_days": 0,
                "latitude": 30546175,
                "longitude": 114343186,
                "primitiveDistance": 1.7976931348623157e+308,
                "distance": "185m",
                "poi_type_icon": "",
                "ad_attr": "",
                "shipping_fee_tip": "配送 ¥4",
                "min_price_tip": "起送 ¥20",
                "average_price_tip": "人均 ¥22",
                "recommend_info": {
                    "icon": "",
                    "recommend_reason": ""
                },
                "support_pay": 2,
                "invoice_support": 0,
                "invoice_min_price": 0,
                "charge_info": "",
                "ad_type": 0,
                "wm_poi_view_id": "412236242424747"
            },
            {
                "id": 556581503366107,
                "mt_poi_id": 91069382,
                "name": "光头卤（汉街店）",
                "support_coupon": 0,
                "is_favorite": 0,
                "sort_reason_type": 0,
                "sort_reason_tag": "",
                "delivery_type": 0,
                "mt_delivery_time": "45分钟",
                "status": 1,
                "origin_status": 1,
                "status_desc": "",
                "pic_url": "http://p0.meituan.net/xianfu/05f093dc2e7cd964d800d300e815dbc965034.jpg",
                "pic_url_square": "",
                "avg_delivery_time": 45,
                "shipping_fee": 7,
                "shipping_fee_discount": 0,
                "min_price": 0,
                "new_promotion": 0,
                "discounts2": [],
                "shipping_time_info": {
                    "in_shipping_time": 1,
                    "beg_shipping_time": "",
                    "status_content": "",
                    "desc_content": "",
                    "reservation_status": 0
                },
                "month_sale_num": 2087,
                "wm_poi_score": 4.6,
                "shipping_time_x": "[[\"00:00-23:59\"],[\"00:00-23:59\"],[\"00:00-23:59\"],[\"00:00-23:59\"],[\"00:00-23:59\"],[\"00:00-23:59\"],[\"00:00-23:59\"]]",
                "pre_book": 0,
                "brand_type": 32962,
                "sales": 2087,
                "priority": 0,
                "wm_poi_opening_days": 486,
                "buz_type": 0,
                "across_book_offset_days": 0,
                "across_book_max_days": 0,
                "latitude": 30550097,
                "longitude": 114340197,
                "primitiveDistance": 1.7976931348623157e+308,
                "distance": "604m",
                "poi_type_icon": "http://p0.meituan.net/xianfu/424019d742dbb6b0193ce7ac54a843201104.png",
                "ad_attr": "",
                "shipping_fee_tip": "配送 ¥7",
                "min_price_tip": "起送 ¥0",
                "average_price_tip": "人均 ¥59",
                "recommend_info": {
                    "icon": "",
                    "recommend_reason": ""
                },
                "support_pay": 2,
                "invoice_support": 0,
                "invoice_min_price": 0,
                "charge_info": "",
                "ad_type": 0,
                "wm_poi_view_id": "556581503366107"
            },
            {
                "id": 296452514095344,
                "mt_poi_id": 159130576,
                "name": "怀粮生煎（汉街店）",
                "support_coupon": 0,
                "is_favorite": 0,
                "sort_reason_type": 0,
                "sort_reason_tag": "",
                "delivery_type": 1,
                "mt_delivery_time": "30分钟",
                "status": 1,
                "origin_status": 1,
                "status_desc": "",
                "pic_url": "http://p1.meituan.net/xianfu/4ccb4c65d36a3cbaaf427f3cf6bc404a27483.jpg",
                "pic_url_square": "",
                "avg_delivery_time": 30,
                "shipping_fee": 4,
                "shipping_fee_discount": 0,
                "min_price": 25,
                "new_promotion": 0,
                "discounts2": [
                    {
                        "id": -3,
                        "type": 99,
                        "info": "由美团专送提供高品质送餐服务",
                        "icon_url": "http://p0.meituan.net/xianfu/51639e2e7a51c71d967acc44a060e3092048.png",
                        "use_icon_from_server": 1,
                        "display_code": 1,
                        "sequence": 49
                    }
                ],
                "shipping_time_info": {
                    "in_shipping_time": 1,
                    "beg_shipping_time": "",
                    "status_content": "",
                    "desc_content": "",
                    "reservation_status": 0
                },
                "month_sale_num": 738,
                "wm_poi_score": 4.8,
                "shipping_time_x": "[[\"07:00-21:00\"],[\"07:00-21:00\"],[\"07:00-21:00\"],[\"07:00-21:00\"],[\"07:00-21:00\"],[\"07:00-21:00\"],[\"07:00-21:00\"]]",
                "pre_book": 0,
                "brand_type": 0,
                "sales": 738,
                "priority": 0,
                "wm_poi_opening_days": 54,
                "buz_type": 0,
                "across_book_offset_days": 0,
                "across_book_max_days": 0,
                "latitude": 30555116,
                "longitude": 114341827,
                "primitiveDistance": 1.7976931348623157e+308,
                "distance": "1.3km",
                "poi_type_icon": "",
                "ad_attr": "",
                "shipping_fee_tip": "配送 ¥4",
                "min_price_tip": "起送 ¥25",
                "average_price_tip": "人均 ¥27",
                "recommend_info": {
                    "icon": "",
                    "recommend_reason": ""
                },
                "support_pay": 2,
                "invoice_support": 0,
                "invoice_min_price": 0,
                "charge_info": "",
                "ad_type": 0,
                "wm_poi_view_id": "296452514095344"
            },
            {
                "id": 363673047237178,
                "mt_poi_id": 114108138,
                "name": "菜大师（傅家坡店）",
                "support_coupon": 0,
                "is_favorite": 0,
                "sort_reason_type": 0,
                "sort_reason_tag": "",
                "delivery_type": 0,
                "mt_delivery_time": "40分钟",
                "status": 1,
                "origin_status": 1,
                "status_desc": "",
                "pic_url": "http://p1.meituan.net/xianfu/6e2ec2ed06e6cb997d6543900f885ffc118689.jpg",
                "pic_url_square": "",
                "avg_delivery_time": 40,
                "shipping_fee": 3,
                "shipping_fee_discount": 0,
                "min_price": 15,
                "new_promotion": 0,
                "discounts2": [
                    {
                        "id": 103,
                        "type": 24,
                        "info": "可领4元代金券",
                        "icon_url": "http://p0.meituan.net/xianfu/c2c0f31d0ebf0f60af115d058169c492992.png",
                        "use_icon_from_server": 1,
                        "display_code": 2,
                        "sequence": 6
                    },
                    {
                        "id": 100,
                        "type": 20,
                        "info": "实际支付35元返4元商家代金券（使用规则由商家提供，详见商家规则）",
                        "icon_url": "http://p0.meituan.net/xianfu/652eea4034250563fe11b02e3219ba8d981.png",
                        "use_icon_from_server": 1,
                        "display_code": 2,
                        "sequence": 7
                    }
                ],
                "shipping_time_info": {
                    "in_shipping_time": 0,
                    "beg_shipping_time": "10:00",
                    "status_content": "接受预订",
                    "desc_content": "10:00后开始配送",
                    "reservation_status": 0
                },
                "month_sale_num": 11187,
                "wm_poi_score": 4.4,
                "shipping_time_x": "[[\"10:00-20:25\"],[\"10:00-20:25\"],[\"10:00-20:25\"],[\"10:00-20:25\"],[\"10:00-20:25\"],[\"10:00-20:25\"],[\"10:00-20:25\"]]",
                "pre_book": 1,
                "brand_type": 33056,
                "sales": 11187,
                "priority": 0,
                "wm_poi_opening_days": 341,
                "buz_type": 0,
                "across_book_offset_days": 0,
                "across_book_max_days": 0,
                "latitude": 30535265,
                "longitude": 114325811,
                "primitiveDistance": 1.7976931348623157e+308,
                "distance": "2.8km",
                "poi_type_icon": "http://p0.meituan.net/xianfu/424019d742dbb6b0193ce7ac54a843201104.png",
                "ad_attr": "",
                "shipping_fee_tip": "配送 ¥3",
                "min_price_tip": "起送 ¥15",
                "average_price_tip": "人均 ¥17",
                "recommend_info": {
                    "icon": "",
                    "recommend_reason": ""
                },
                "support_pay": 2,
                "invoice_support": 0,
                "invoice_min_price": 0,
                "charge_info": "",
                "ad_type": 0,
                "wm_poi_view_id": "363673047237178"
            },
            {
                "id": 285410153188568,
                "mt_poi_id": 751298,
                "name": "老味鱼庄（水果湖店）",
                "support_coupon": 0,
                "is_favorite": 0,
                "sort_reason_type": 0,
                "sort_reason_tag": "",
                "delivery_type": 1,
                "mt_delivery_time": "40分钟",
                "status": 1,
                "origin_status": 1,
                "status_desc": "",
                "pic_url": "http://p1.meituan.net/xianfu/a06bfd528fc0427fe1d95430dcb4794f398005.jpg",
                "pic_url_square": "",
                "avg_delivery_time": 40,
                "shipping_fee": 4,
                "shipping_fee_discount": 0,
                "min_price": 20,
                "new_promotion": 0,
                "discounts2": [
                    {
                        "id": -3,
                        "type": 99,
                        "info": "由美团专送提供高品质送餐服务",
                        "icon_url": "http://p0.meituan.net/xianfu/51639e2e7a51c71d967acc44a060e3092048.png",
                        "use_icon_from_server": 1,
                        "display_code": 1,
                        "sequence": 49
                    }
                ],
                "shipping_time_info": {
                    "in_shipping_time": 0,
                    "beg_shipping_time": "10:00",
                    "status_content": "接受预订",
                    "desc_content": "10:00后开始配送",
                    "reservation_status": 0
                },
                "month_sale_num": 485,
                "wm_poi_score": 4.7,
                "shipping_time_x": "[[\"10:00-14:00\",\"16:30-20:40\"],[\"10:00-14:00\",\"16:30-20:40\"],[\"10:00-14:00\",\"16:30-20:40\"],[\"10:00-14:00\",\"16:30-20:40\"],[\"10:00-14:00\",\"16:30-20:40\"],[\"10:00-14:00\",\"16:30-20:40\"],[\"10:00-14:00\",\"16:30-20:40\"]]",
                "pre_book": 1,
                "brand_type": 0,
                "sales": 485,
                "priority": 0,
                "wm_poi_opening_days": 515,
                "buz_type": 0,
                "across_book_offset_days": 0,
                "across_book_max_days": 0,
                "latitude": 30547065,
                "longitude": 114345735,
                "primitiveDistance": 1.7976931348623157e+308,
                "distance": "527m",
                "poi_type_icon": "",
                "ad_attr": "",
                "shipping_fee_tip": "配送 ¥4",
                "min_price_tip": "起送 ¥20",
                "average_price_tip": "人均 ¥29",
                "recommend_info": {
                    "icon": "",
                    "recommend_reason": ""
                },
                "support_pay": 2,
                "invoice_support": 0,
                "invoice_min_price": 0,
                "charge_info": "",
                "ad_type": 0,
                "wm_poi_view_id": "285410153188568"
            },
            {
                "id": 555559301128944,
                "mt_poi_id": 1153317,
                "name": "简朴寨（紫沙店）",
                "support_coupon": 0,
                "is_favorite": 0,
                "sort_reason_type": 0,
                "sort_reason_tag": "",
                "delivery_type": 1,
                "mt_delivery_time": "46分钟",
                "status": 1,
                "origin_status": 1,
                "status_desc": "",
                "pic_url": "http://p1.meituan.net/xianfu/54b08e7136ba7a064beb0280b9f8b38b24884.jpg",
                "pic_url_square": "",
                "avg_delivery_time": 46,
                "shipping_fee": 4,
                "shipping_fee_discount": 0,
                "min_price": 20,
                "new_promotion": 0,
                "discounts2": [
                    {
                        "id": -3,
                        "type": 99,
                        "info": "由美团专送提供高品质送餐服务",
                        "icon_url": "http://p0.meituan.net/xianfu/51639e2e7a51c71d967acc44a060e3092048.png",
                        "use_icon_from_server": 1,
                        "display_code": 1,
                        "sequence": 49
                    }
                ],
                "shipping_time_info": {
                    "in_shipping_time": 0,
                    "beg_shipping_time": "10:30",
                    "status_content": "接受预订",
                    "desc_content": "10:30后开始配送",
                    "reservation_status": 0
                },
                "month_sale_num": 2475,
                "wm_poi_score": 4.4,
                "shipping_time_x": "[[\"10:30-13:45\",\"16:30-20:45\"],[\"10:30-13:45\",\"16:30-20:45\"],[\"10:30-13:45\",\"16:30-20:45\"],[\"10:30-13:45\",\"16:30-20:45\"],[\"10:30-13:45\",\"16:30-20:45\"],[\"10:30-13:45\",\"16:30-20:45\"],[\"10:30-13:45\",\"16:30-20:45\"]]",
                "pre_book": 1,
                "brand_type": 29474,
                "sales": 2475,
                "priority": 0,
                "wm_poi_opening_days": 91,
                "buz_type": 0,
                "across_book_offset_days": 0,
                "across_book_max_days": 0,
                "latitude": 30550553,
                "longitude": 114320852,
                "primitiveDistance": 1.7976931348623157e+308,
                "distance": "2.9km",
                "poi_type_icon": "http://p0.meituan.net/xianfu/424019d742dbb6b0193ce7ac54a843201104.png",
                "ad_attr": "",
                "shipping_fee_tip": "配送 ¥4",
                "min_price_tip": "起送 ¥20",
                "average_price_tip": "人均 ¥19",
                "recommend_info": {
                    "icon": "",
                    "recommend_reason": ""
                },
                "support_pay": 2,
                "invoice_support": 0,
                "invoice_min_price": 0,
                "charge_info": "",
                "ad_type": 0,
                "wm_poi_view_id": "555559301128944"
            },
            {
                "id": 362633665176679,
                "mt_poi_id": 50136038,
                "name": "食为先精品小碗菜",
                "support_coupon": 0,
                "is_favorite": 0,
                "sort_reason_type": 0,
                "sort_reason_tag": "",
                "delivery_type": 0,
                "mt_delivery_time": "37分钟",
                "status": 1,
                "origin_status": 1,
                "status_desc": "",
                "pic_url": "http://p1.meituan.net/xianfu/e19423d8076f2d4e83e2362232d660c034092.jpg",
                "pic_url_square": "",
                "avg_delivery_time": 37,
                "shipping_fee": 2.5,
                "shipping_fee_discount": 0,
                "min_price": 20,
                "new_promotion": 0,
                "discounts2": [],
                "shipping_time_info": {
                    "in_shipping_time": 1,
                    "beg_shipping_time": "",
                    "status_content": "",
                    "desc_content": "",
                    "reservation_status": 0
                },
                "month_sale_num": 4268,
                "wm_poi_score": 4.4,
                "shipping_time_x": "[[\"09:30-20:45\"],[\"09:30-20:45\"],[\"09:30-20:45\"],[\"09:30-20:45\"],[\"09:30-20:45\"],[\"09:30-20:45\"],[\"09:30-20:45\"]]",
                "pre_book": 1,
                "brand_type": 0,
                "sales": 4268,
                "priority": 0,
                "wm_poi_opening_days": 522,
                "buz_type": 0,
                "across_book_offset_days": 0,
                "across_book_max_days": 0,
                "latitude": 30536974,
                "longitude": 114327946,
                "primitiveDistance": 1.7976931348623157e+308,
                "distance": "2.4km",
                "poi_type_icon": "",
                "ad_attr": "",
                "shipping_fee_tip": "配送 ¥2.5",
                "min_price_tip": "起送 ¥20",
                "average_price_tip": "人均 ¥15",
                "recommend_info": {
                    "icon": "",
                    "recommend_reason": ""
                },
                "support_pay": 2,
                "invoice_support": 1,
                "invoice_min_price": 0,
                "charge_info": "",
                "ad_type": 0,
                "wm_poi_view_id": "362633665176679"
            },
            {
                "id": 397117957597453,
                "mt_poi_id": 152306738,
                "name": "五芳斋回味餐厅（武汉中南一路店）",
                "support_coupon": 0,
                "is_favorite": 0,
                "sort_reason_type": 0,
                "sort_reason_tag": "",
                "delivery_type": 1,
                "mt_delivery_time": "32分钟",
                "status": 1,
                "origin_status": 1,
                "status_desc": "",
                "pic_url": "http://p0.meituan.net/xianfu/5a0b0c14a48ec4a97a12fd39b716a03022260.jpg",
                "pic_url_square": "",
                "avg_delivery_time": 32,
                "shipping_fee": 4,
                "shipping_fee_discount": 0,
                "min_price": 20,
                "new_promotion": 0,
                "discounts2": [
                    {
                        "id": -3,
                        "type": 99,
                        "info": "由美团专送提供高品质送餐服务",
                        "icon_url": "http://p0.meituan.net/xianfu/51639e2e7a51c71d967acc44a060e3092048.png",
                        "use_icon_from_server": 1,
                        "display_code": 1,
                        "sequence": 49
                    }
                ],
                "shipping_time_info": {
                    "in_shipping_time": 1,
                    "beg_shipping_time": "",
                    "status_content": "",
                    "desc_content": "",
                    "reservation_status": 0
                },
                "month_sale_num": 1280,
                "wm_poi_score": 4.7,
                "shipping_time_x": "[[\"07:00-20:00\"],[\"07:00-20:00\"],[\"07:00-20:00\"],[\"07:00-20:00\"],[\"07:00-20:00\"],[\"07:00-20:00\"],[\"07:00-20:00\"]]",
                "pre_book": 0,
                "brand_type": 11252,
                "sales": 1280,
                "priority": 0,
                "wm_poi_opening_days": 214,
                "buz_type": 0,
                "across_book_offset_days": 0,
                "across_book_max_days": 0,
                "latitude": 30535125,
                "longitude": 114332192,
                "primitiveDistance": 1.7976931348623157e+308,
                "distance": "2.2km",
                "poi_type_icon": "http://p0.meituan.net/xianfu/424019d742dbb6b0193ce7ac54a843201104.png",
                "ad_attr": "",
                "shipping_fee_tip": "配送 ¥4",
                "min_price_tip": "起送 ¥20",
                "average_price_tip": "人均 ¥19",
                "recommend_info": {
                    "icon": "",
                    "recommend_reason": ""
                },
                "support_pay": 2,
                "invoice_support": 1,
                "invoice_min_price": 100,
                "charge_info": "",
                "ad_type": 0,
                "wm_poi_view_id": "397117957597453"
            },
            {
                "id": 539921325180733,
                "mt_poi_id": 160268074,
                "name": "优粮生活（汉街店）",
                "support_coupon": 0,
                "is_favorite": 0,
                "sort_reason_type": 0,
                "sort_reason_tag": "",
                "delivery_type": 1,
                "mt_delivery_time": "30分钟",
                "status": 1,
                "origin_status": 1,
                "status_desc": "",
                "pic_url": "http://p0.meituan.net/xianfu/1c58e3b4d704cc944603dca3aa68ec3a20751.jpg",
                "pic_url_square": "",
                "avg_delivery_time": 30,
                "shipping_fee": 5,
                "shipping_fee_discount": 0,
                "min_price": 20,
                "new_promotion": 0,
                "discounts2": [
                    {
                        "id": 103,
                        "type": 24,
                        "info": "可领1~10元代金券",
                        "icon_url": "http://p0.meituan.net/xianfu/c2c0f31d0ebf0f60af115d058169c492992.png",
                        "use_icon_from_server": 1,
                        "display_code": 2,
                        "sequence": 6
                    },
                    {
                        "id": 100,
                        "type": 20,
                        "info": "实际支付30元返2元商家代金券",
                        "icon_url": "http://p0.meituan.net/xianfu/652eea4034250563fe11b02e3219ba8d981.png",
                        "use_icon_from_server": 1,
                        "display_code": 2,
                        "sequence": 7
                    },
                    {
                        "id": -3,
                        "type": 99,
                        "info": "由美团专送提供高品质送餐服务",
                        "icon_url": "http://p0.meituan.net/xianfu/51639e2e7a51c71d967acc44a060e3092048.png",
                        "use_icon_from_server": 1,
                        "display_code": 1,
                        "sequence": 49
                    }
                ],
                "shipping_time_info": {
                    "in_shipping_time": 1,
                    "beg_shipping_time": "",
                    "status_content": "",
                    "desc_content": "",
                    "reservation_status": 0
                },
                "month_sale_num": 748,
                "wm_poi_score": 4.6,
                "shipping_time_x": "[[\"09:00-20:00\"],[\"09:00-20:00\"],[\"09:00-20:00\"],[\"09:00-20:00\"],[\"09:00-20:00\"],[\"09:00-20:00\"],[\"09:00-20:00\"]]",
                "pre_book": 0,
                "brand_type": 436,
                "sales": 748,
                "priority": 0,
                "wm_poi_opening_days": 39,
                "buz_type": 0,
                "across_book_offset_days": 0,
                "across_book_max_days": 0,
                "latitude": 30555246,
                "longitude": 114347326,
                "primitiveDistance": 1.7976931348623157e+308,
                "distance": "1.5km",
                "poi_type_icon": "http://p0.meituan.net/xianfu/424019d742dbb6b0193ce7ac54a843201104.png",
                "ad_attr": "",
                "shipping_fee_tip": "配送 ¥5",
                "min_price_tip": "起送 ¥20",
                "average_price_tip": "人均 ¥18",
                "recommend_info": {
                    "icon": "",
                    "recommend_reason": ""
                },
                "support_pay": 2,
                "invoice_support": 0,
                "invoice_min_price": 0,
                "charge_info": "",
                "ad_type": 0,
                "wm_poi_view_id": "539921325180733"
            },
            {
                "id": 309839927117488,
                "mt_poi_id": 5477265,
                "name": "绿茵阁（中南店）",
                "support_coupon": 0,
                "is_favorite": 0,
                "sort_reason_type": 0,
                "sort_reason_tag": "",
                "delivery_type": 1,
                "mt_delivery_time": "46分钟",
                "status": 1,
                "origin_status": 1,
                "status_desc": "",
                "pic_url": "http://p1.meituan.net/xianfu/db404d1d13326331dd8eb9751c5cf41417705.jpeg",
                "pic_url_square": "",
                "avg_delivery_time": 46,
                "shipping_fee": 4,
                "shipping_fee_discount": 0,
                "min_price": 20,
                "new_promotion": 0,
                "discounts2": [
                    {
                        "id": -3,
                        "type": 99,
                        "info": "由美团专送提供高品质送餐服务",
                        "icon_url": "http://p0.meituan.net/xianfu/51639e2e7a51c71d967acc44a060e3092048.png",
                        "use_icon_from_server": 1,
                        "display_code": 1,
                        "sequence": 49
                    }
                ],
                "shipping_time_info": {
                    "in_shipping_time": 0,
                    "beg_shipping_time": "10:30",
                    "status_content": "接受预订",
                    "desc_content": "10:30后开始配送",
                    "reservation_status": 0
                },
                "month_sale_num": 777,
                "wm_poi_score": 4.6,
                "shipping_time_x": "[[\"10:30-20:30\"],[\"10:30-20:30\"],[\"10:30-20:30\"],[\"10:30-20:30\"],[\"10:30-20:30\"],[\"10:30-20:30\"],[\"10:30-20:30\"]]",
                "pre_book": 1,
                "brand_type": 760,
                "sales": 777,
                "priority": 0,
                "wm_poi_opening_days": 732,
                "buz_type": 0,
                "across_book_offset_days": 0,
                "across_book_max_days": 0,
                "latitude": 30537640,
                "longitude": 114331837,
                "primitiveDistance": 1.7976931348623157e+308,
                "distance": "1.9km",
                "poi_type_icon": "http://p0.meituan.net/xianfu/424019d742dbb6b0193ce7ac54a843201104.png",
                "ad_attr": "",
                "shipping_fee_tip": "配送 ¥4",
                "min_price_tip": "起送 ¥20",
                "average_price_tip": "人均 ¥30",
                "recommend_info": {
                    "icon": "",
                    "recommend_reason": ""
                },
                "support_pay": 2,
                "invoice_support": 0,
                "invoice_min_price": 0,
                "charge_info": "",
                "ad_type": 0,
                "wm_poi_view_id": "309839927117488"
            },
            {
                "id": 345788803415771,
                "mt_poi_id": 91724427,
                "name": "湖北麦当劳水果湖餐厅",
                "support_coupon": 0,
                "is_favorite": 0,
                "sort_reason_type": 0,
                "sort_reason_tag": "",
                "delivery_type": 0,
                "mt_delivery_time": "36分钟",
                "status": 1,
                "origin_status": 1,
                "status_desc": "",
                "pic_url": "http://p0.meituan.net/xianfu/aa86bc1b9a218ea5e094b861c03b59b94873.jpg",
                "pic_url_square": "",
                "avg_delivery_time": 36,
                "shipping_fee": 9,
                "shipping_fee_discount": 0,
                "min_price": 0,
                "new_promotion": 0,
                "discounts2": [],
                "shipping_time_info": {
                    "in_shipping_time": 1,
                    "beg_shipping_time": "",
                    "status_content": "",
                    "desc_content": "",
                    "reservation_status": 0
                },
                "month_sale_num": 1455,
                "wm_poi_score": 4.6,
                "shipping_time_x": "[[\"00:00-04:45\",\"05:00-10:15\",\"10:30-23:59\"],[\"00:00-04:45\",\"05:00-10:15\",\"10:30-23:59\"],[\"00:00-04:45\",\"05:00-10:15\",\"10:30-23:59\"],[\"00:00-04:45\",\"05:00-10:15\",\"10:30-23:59\"],[\"00:00-04:45\",\"05:00-10:15\",\"10:30-23:59\"],[\"00:00-04:45\",\"05:00-10:15\",\"10:30-23:59\"],[\"00:00-04:45\",\"05:00-10:15\",\"10:30-23:59\"]]",
                "pre_book": 1,
                "brand_type": 28771,
                "sales": 1455,
                "priority": 0,
                "wm_poi_opening_days": 657,
                "buz_type": 0,
                "across_book_offset_days": 0,
                "across_book_max_days": 0,
                "latitude": 30547300,
                "longitude": 114343739,
                "primitiveDistance": 1.7976931348623157e+308,
                "distance": "281m",
                "poi_type_icon": "http://p0.meituan.net/xianfu/424019d742dbb6b0193ce7ac54a843201104.png",
                "ad_attr": "",
                "shipping_fee_tip": "配送 ¥9",
                "min_price_tip": "起送 ¥0",
                "average_price_tip": "人均 ¥37",
                "recommend_info": {
                    "icon": "",
                    "recommend_reason": ""
                },
                "support_pay": 2,
                "invoice_support": 1,
                "invoice_min_price": 0,
                "charge_info": "",
                "ad_type": 0,
                "wm_poi_view_id": "345788803415771"
            },
            {
                "id": 490679525162959,
                "mt_poi_id": 160085229,
                "name": "卤汁拌饭（汉街店）",
                "support_coupon": 0,
                "is_favorite": 0,
                "sort_reason_type": 0,
                "sort_reason_tag": "",
                "delivery_type": 0,
                "mt_delivery_time": "40分钟",
                "status": 1,
                "origin_status": 1,
                "status_desc": "",
                "pic_url": "http://p0.meituan.net/xianfu/006da4c874b041ded747571d9c5dadbb92665.jpg",
                "pic_url_square": "",
                "avg_delivery_time": 40,
                "shipping_fee": 2.5,
                "shipping_fee_discount": 0,
                "min_price": 15,
                "new_promotion": 0,
                "discounts2": [
                    {
                        "id": 103,
                        "type": 24,
                        "info": "可领1~20元代金券",
                        "icon_url": "http://p0.meituan.net/xianfu/c2c0f31d0ebf0f60af115d058169c492992.png",
                        "use_icon_from_server": 1,
                        "display_code": 2,
                        "sequence": 6
                    },
                    {
                        "id": 100,
                        "type": 20,
                        "info": "实际支付20元返2元商家代金券",
                        "icon_url": "http://p0.meituan.net/xianfu/652eea4034250563fe11b02e3219ba8d981.png",
                        "use_icon_from_server": 1,
                        "display_code": 2,
                        "sequence": 7
                    }
                ],
                "shipping_time_info": {
                    "in_shipping_time": 0,
                    "beg_shipping_time": "10:00",
                    "status_content": "接受预订",
                    "desc_content": "10:00后开始配送",
                    "reservation_status": 0
                },
                "month_sale_num": 4696,
                "wm_poi_score": 4.6,
                "shipping_time_x": "[[\"10:00-20:30\"],[\"10:00-20:30\"],[\"10:00-20:30\"],[\"10:00-20:30\"],[\"10:00-20:30\"],[\"10:00-20:30\"],[\"10:00-20:30\"]]",
                "pre_book": 1,
                "brand_type": 0,
                "sales": 4696,
                "priority": 0,
                "wm_poi_opening_days": 34,
                "buz_type": 0,
                "across_book_offset_days": 0,
                "across_book_max_days": 0,
                "latitude": 30559399,
                "longitude": 114342172,
                "primitiveDistance": 1.7976931348623157e+308,
                "distance": "2.0km",
                "poi_type_icon": "",
                "ad_attr": "",
                "shipping_fee_tip": "配送 ¥2.5",
                "min_price_tip": "起送 ¥15",
                "average_price_tip": "人均 ¥14",
                "recommend_info": {
                    "icon": "",
                    "recommend_reason": ""
                },
                "support_pay": 2,
                "invoice_support": 0,
                "invoice_min_price": 0,
                "charge_info": "",
                "ad_type": 0,
                "wm_poi_view_id": "490679525162959"
            },
            {
                "id": 335515241653308,
                "mt_poi_id": 84267383,
                "name": "鹏辉酒家总店",
                "support_coupon": 0,
                "is_favorite": 0,
                "sort_reason_type": 0,
                "sort_reason_tag": "",
                "delivery_type": 1,
                "mt_delivery_time": "40分钟",
                "status": 1,
                "origin_status": 1,
                "status_desc": "",
                "pic_url": "http://p0.meituan.net/xianfu/d59166530d5ca0e6151f59c133514ca273235.jpg",
                "pic_url_square": "",
                "avg_delivery_time": 40,
                "shipping_fee": 4,
                "shipping_fee_discount": 0,
                "min_price": 20,
                "new_promotion": 0,
                "discounts2": [
                    {
                        "id": -3,
                        "type": 99,
                        "info": "由美团专送提供高品质送餐服务",
                        "icon_url": "http://p0.meituan.net/xianfu/51639e2e7a51c71d967acc44a060e3092048.png",
                        "use_icon_from_server": 1,
                        "display_code": 1,
                        "sequence": 49
                    }
                ],
                "shipping_time_info": {
                    "in_shipping_time": 0,
                    "beg_shipping_time": "10:00",
                    "status_content": "接受预订",
                    "desc_content": "10:00后开始配送",
                    "reservation_status": 0
                },
                "month_sale_num": 82,
                "wm_poi_score": 4.7,
                "shipping_time_x": "[[\"10:00-14:00\",\"16:30-21:00\"],[\"10:00-14:00\",\"16:30-21:00\"],[\"10:00-14:00\",\"16:30-21:00\"],[\"10:00-14:00\",\"16:30-21:00\"],[\"10:00-14:00\",\"16:30-21:00\"],[\"10:00-14:00\",\"16:30-21:00\"],[\"10:00-14:00\",\"16:30-21:00\"]]",
                "pre_book": 1,
                "brand_type": 0,
                "sales": 82,
                "priority": 0,
                "wm_poi_opening_days": 423,
                "buz_type": 0,
                "across_book_offset_days": 0,
                "across_book_max_days": 0,
                "latitude": 30545929,
                "longitude": 114347704,
                "primitiveDistance": 1.7976931348623157e+308,
                "distance": "789m",
                "poi_type_icon": "",
                "ad_attr": "",
                "shipping_fee_tip": "配送 ¥4",
                "min_price_tip": "起送 ¥20",
                "average_price_tip": "人均 ¥37",
                "recommend_info": {
                    "icon": "",
                    "recommend_reason": ""
                },
                "support_pay": 2,
                "invoice_support": 1,
                "invoice_min_price": 0,
                "charge_info": "",
                "ad_type": 0,
                "wm_poi_view_id": "335515241653308"
            },
            {
                "id": 521152318096710,
                "mt_poi_id": 156863765,
                "name": "郑文琪龙虾盖浇饭",
                "support_coupon": 0,
                "is_favorite": 0,
                "sort_reason_type": 0,
                "sort_reason_tag": "",
                "delivery_type": 1,
                "mt_delivery_time": "30分钟",
                "status": 1,
                "origin_status": 1,
                "status_desc": "",
                "pic_url": "http://p0.meituan.net/xianfu/db64ed3e8df306ddab29c7bc208941b0182857.jpg",
                "pic_url_square": "",
                "avg_delivery_time": 30,
                "shipping_fee": 3,
                "shipping_fee_discount": 0,
                "min_price": 20,
                "new_promotion": 0,
                "discounts2": [
                    {
                        "id": -3,
                        "type": 99,
                        "info": "由美团专送提供高品质送餐服务",
                        "icon_url": "http://p0.meituan.net/xianfu/51639e2e7a51c71d967acc44a060e3092048.png",
                        "use_icon_from_server": 1,
                        "display_code": 1,
                        "sequence": 49
                    }
                ],
                "shipping_time_info": {
                    "in_shipping_time": 1,
                    "beg_shipping_time": "",
                    "status_content": "",
                    "desc_content": "",
                    "reservation_status": 0
                },
                "month_sale_num": 1126,
                "wm_poi_score": 4.7,
                "shipping_time_x": "[[\"09:00-22:30\"],[\"09:00-22:30\"],[\"09:00-22:30\"],[\"09:00-22:30\"],[\"09:00-22:30\"],[\"09:00-22:30\"],[\"09:00-22:30\"]]",
                "pre_book": 0,
                "brand_type": 0,
                "sales": 1126,
                "priority": 0,
                "wm_poi_opening_days": 155,
                "buz_type": 0,
                "across_book_offset_days": 0,
                "across_book_max_days": 0,
                "latitude": 30545057,
                "longitude": 114337104,
                "primitiveDistance": 1.7976931348623157e+308,
                "distance": "677m",
                "poi_type_icon": "",
                "ad_attr": "",
                "shipping_fee_tip": "配送 ¥3",
                "min_price_tip": "起送 ¥20",
                "average_price_tip": "人均 ¥29",
                "recommend_info": {
                    "icon": "",
                    "recommend_reason": ""
                },
                "support_pay": 2,
                "invoice_support": 0,
                "invoice_min_price": 0,
                "charge_info": "",
                "ad_type": 0,
                "wm_poi_view_id": "521152318096710"
            },
            {
                "id": 449280335370174,
                "mt_poi_id": 154028302,
                "name": "四美包子（汉街店）",
                "support_coupon": 0,
                "is_favorite": 0,
                "sort_reason_type": 0,
                "sort_reason_tag": "",
                "delivery_type": 1,
                "mt_delivery_time": "30分钟",
                "status": 1,
                "origin_status": 1,
                "status_desc": "",
                "pic_url": "http://p0.meituan.net/xianfu/30a0d2bc6de0879ebbc25f88f795656d11650.jpg",
                "pic_url_square": "",
                "avg_delivery_time": 30,
                "shipping_fee": 4,
                "shipping_fee_discount": 0,
                "min_price": 20,
                "new_promotion": 0,
                "discounts2": [
                    {
                        "id": -3,
                        "type": 99,
                        "info": "由美团专送提供高品质送餐服务",
                        "icon_url": "http://p0.meituan.net/xianfu/51639e2e7a51c71d967acc44a060e3092048.png",
                        "use_icon_from_server": 1,
                        "display_code": 1,
                        "sequence": 49
                    }
                ],
                "shipping_time_info": {
                    "in_shipping_time": 1,
                    "beg_shipping_time": "",
                    "status_content": "",
                    "desc_content": "",
                    "reservation_status": 0
                },
                "month_sale_num": 524,
                "wm_poi_score": 4.6,
                "shipping_time_x": "[[\"08:00-20:00\"],[\"08:00-20:00\"],[\"08:00-20:00\"],[\"08:00-20:00\"],[\"08:00-20:00\"],[\"08:00-20:00\"],[\"08:00-20:00\"]]",
                "pre_book": 0,
                "brand_type": 30212,
                "sales": 524,
                "priority": 0,
                "wm_poi_opening_days": 171,
                "buz_type": 0,
                "across_book_offset_days": 0,
                "across_book_max_days": 0,
                "latitude": 30557977,
                "longitude": 114336250,
                "primitiveDistance": 1.7976931348623157e+308,
                "distance": "1.9km",
                "poi_type_icon": "http://p0.meituan.net/xianfu/424019d742dbb6b0193ce7ac54a843201104.png",
                "ad_attr": "",
                "shipping_fee_tip": "配送 ¥4",
                "min_price_tip": "起送 ¥20",
                "average_price_tip": "人均 ¥21",
                "recommend_info": {
                    "icon": "",
                    "recommend_reason": ""
                },
                "support_pay": 2,
                "invoice_support": 0,
                "invoice_min_price": 0,
                "charge_info": "",
                "ad_type": 0,
                "wm_poi_view_id": "449280335370174"
            },
            {
                "id": 560210750677125,
                "mt_poi_id": 158754995,
                "name": "徐良的厨房",
                "support_coupon": 0,
                "is_favorite": 0,
                "sort_reason_type": 0,
                "sort_reason_tag": "",
                "delivery_type": 0,
                "mt_delivery_time": "40分钟",
                "status": 1,
                "origin_status": 1,
                "status_desc": "",
                "pic_url": "http://p0.meituan.net/xianfu/45203c7dc878586d1b1379d1f428e4e852938.jpg",
                "pic_url_square": "",
                "avg_delivery_time": 40,
                "shipping_fee": 2.5,
                "shipping_fee_discount": 0,
                "min_price": 20,
                "new_promotion": 0,
                "discounts2": [],
                "shipping_time_info": {
                    "in_shipping_time": 0,
                    "beg_shipping_time": "10:00",
                    "status_content": "接受预订",
                    "desc_content": "10:00后开始配送",
                    "reservation_status": 0
                },
                "month_sale_num": 1717,
                "wm_poi_score": 4.6,
                "shipping_time_x": "[[\"10:00-22:30\"],[\"10:00-22:30\"],[\"10:00-22:30\"],[\"10:00-22:30\"],[\"10:00-22:30\"],[\"10:00-22:30\"],[\"10:00-22:30\"]]",
                "pre_book": 1,
                "brand_type": 0,
                "sales": 1717,
                "priority": 0,
                "wm_poi_opening_days": 60,
                "buz_type": 0,
                "across_book_offset_days": 0,
                "across_book_max_days": 0,
                "latitude": 30545812,
                "longitude": 114343040,
                "primitiveDistance": 1.7976931348623157e+308,
                "distance": "191m",
                "poi_type_icon": "",
                "ad_attr": "",
                "shipping_fee_tip": "配送 ¥2.5",
                "min_price_tip": "起送 ¥20",
                "average_price_tip": "人均 ¥18",
                "recommend_info": {
                    "icon": "",
                    "recommend_reason": ""
                },
                "support_pay": 2,
                "invoice_support": 0,
                "invoice_min_price": 0,
                "charge_info": "",
                "ad_type": 0,
                "wm_poi_view_id": "560210750677125"
            },
            {
                "id": 475428096295307,
                "mt_poi_id": 153653185,
                "name": "加州鸡扒饭（中南店）",
                "support_coupon": 0,
                "is_favorite": 0,
                "sort_reason_type": 0,
                "sort_reason_tag": "",
                "delivery_type": 0,
                "mt_delivery_time": "40分钟",
                "status": 1,
                "origin_status": 1,
                "status_desc": "",
                "pic_url": "http://p1.meituan.net/xianfu/dad6ca05b2c84f784c87e8aa20d4afa630652.jpg",
                "pic_url_square": "",
                "avg_delivery_time": 40,
                "shipping_fee": 2.5,
                "shipping_fee_discount": 0,
                "min_price": 15,
                "new_promotion": 0,
                "discounts2": [
                    {
                        "id": 100,
                        "type": 20,
                        "info": "实际支付15元返2元商家代金券",
                        "icon_url": "http://p0.meituan.net/xianfu/652eea4034250563fe11b02e3219ba8d981.png",
                        "use_icon_from_server": 1,
                        "display_code": 2,
                        "sequence": 7
                    }
                ],
                "shipping_time_info": {
                    "in_shipping_time": 0,
                    "beg_shipping_time": "10:00",
                    "status_content": "接受预订",
                    "desc_content": "10:00后开始配送",
                    "reservation_status": 0
                },
                "month_sale_num": 3086,
                "wm_poi_score": 4.7,
                "shipping_time_x": "[[\"10:00-19:30\"],[\"10:00-19:30\"],[\"10:00-19:30\"],[\"10:00-19:30\"],[\"10:00-19:30\"],[\"10:00-19:30\"],[\"10:00-19:30\"]]",
                "pre_book": 1,
                "brand_type": 0,
                "sales": 3086,
                "priority": 0,
                "wm_poi_opening_days": 189,
                "buz_type": 0,
                "across_book_offset_days": 0,
                "across_book_max_days": 0,
                "latitude": 30541964,
                "longitude": 114326456,
                "primitiveDistance": 1.7976931348623157e+308,
                "distance": "2.2km",
                "poi_type_icon": "",
                "ad_attr": "",
                "shipping_fee_tip": "配送 ¥2.5",
                "min_price_tip": "起送 ¥15",
                "average_price_tip": "人均 ¥17",
                "recommend_info": {
                    "icon": "",
                    "recommend_reason": ""
                },
                "support_pay": 2,
                "invoice_support": 0,
                "invoice_min_price": 0,
                "charge_info": "",
                "ad_type": 0,
                "wm_poi_view_id": "475428096295307"
            }
        ],
        "poi_has_next_page": true,
        "poi_total_num": 1813,
        "page_index": 2,
        "page_size": 20,
        "has_activity": false,
        "remind_infos": [],
        "rank_strategy_tag": "157",
        "rank_strategy_version": ""
    },
    "code": 0,
    "msg": "成功"
}
