{
    "tgt_stids": "",
    "data": {
        "poilist": [
            {
                "id": 405484553859425,
                "mt_poi_id": 157861559,
                "name": "饭戒（楚河汉街店）",
                "support_coupon": 0,
                "is_favorite": 0,
                "sort_reason_type": 0,
                "sort_reason_tag": "",
                "delivery_type": 0,
                "mt_delivery_time": "35分钟",
                "status": 1,
                "origin_status": 1,
                "status_desc": "",
                "pic_url": "http://p0.meituan.net/xianfu/2920fc37b810c63d12b1f6eb678e199015072.jpg",
                "pic_url_square": "",
                "avg_delivery_time": 35,
                "shipping_fee": 2.5,
                "shipping_fee_discount": 0,
                "min_price": 15,
                "new_promotion": 0,
                "discounts2": [],
                "shipping_time_info": {
                    "in_shipping_time": 1,
                    "beg_shipping_time": "",
                    "status_content": "",
                    "desc_content": "",
                    "reservation_status": 0
                },
                "month_sale_num": 7722,
                "wm_poi_score": 4.6,
                "shipping_time_x": "[[\"10:00-20:00\"],[\"10:00-20:00\"],[\"10:00-20:00\"],[\"10:00-20:00\"],[\"10:00-20:00\"],[\"10:00-20:00\"],[\"10:00-20:00\"]]",
                "pre_book": 1,
                "brand_type": 28902,
                "sales": 7722,
                "priority": 0,
                "wm_poi_opening_days": 109,
                "buz_type": 0,
                "across_book_offset_days": 0,
                "across_book_max_days": 0,
                "latitude": 30558379,
                "longitude": 114335958,
                "primitiveDistance": 1.7976931348623157e+308,
                "distance": "2.0km",
                "poi_type_icon": "http://p0.meituan.net/xianfu/424019d742dbb6b0193ce7ac54a843201104.png",
                "ad_attr": "",
                "shipping_fee_tip": "配送 ¥2.5",
                "min_price_tip": "起送 ¥15",
                "average_price_tip": "人均 ¥17",
                "recommend_info": {
                    "icon": "",
                    "recommend_reason": ""
                },
                "support_pay": 2,
                "invoice_support": 1,
                "invoice_min_price": 0,
                "charge_info": "",
                "ad_type": 0,
                "wm_poi_view_id": "405484553859425"
            },
            {
                "id": 541768161101968,
                "mt_poi_id": 161814550,
                "name": "台资味（武汉中南店）",
                "support_coupon": 0,
                "is_favorite": 0,
                "sort_reason_type": 0,
                "sort_reason_tag": "",
                "delivery_type": 1,
                "mt_delivery_time": "49分钟",
                "status": 1,
                "origin_status": 1,
                "status_desc": "",
                "pic_url": "http://p1.meituan.net/xianfu/0567a050846552c293191f36434fa415240132.jpg",
                "pic_url_square": "",
                "avg_delivery_time": 49,
                "shipping_fee": 4,
                "shipping_fee_discount": 0,
                "min_price": 20,
                "new_promotion": 1,
                "discounts2": [
                    {
                        "id": 103,
                        "type": 24,
                        "info": "可领1~20元代金券",
                        "icon_url": "http://p0.meituan.net/xianfu/c2c0f31d0ebf0f60af115d058169c492992.png",
                        "use_icon_from_server": 1,
                        "display_code": 2,
                        "sequence": 6
                    },
                    {
                        "id": 100,
                        "type": 20,
                        "info": "实际支付30元返4元商家代金券",
                        "icon_url": "http://p0.meituan.net/xianfu/652eea4034250563fe11b02e3219ba8d981.png",
                        "use_icon_from_server": 1,
                        "display_code": 2,
                        "sequence": 7
                    },
                    {
                        "id": -3,
                        "type": 99,
                        "info": "由美团专送提供高品质送餐服务",
                        "icon_url": "http://p0.meituan.net/xianfu/51639e2e7a51c71d967acc44a060e3092048.png",
                        "use_icon_from_server": 1,
                        "display_code": 1,
                        "sequence": 49
                    }
                ],
                "shipping_time_info": {
                    "in_shipping_time": 1,
                    "beg_shipping_time": "",
                    "status_content": "",
                    "desc_content": "",
                    "reservation_status": 0
                },
                "month_sale_num": 91,
                "wm_poi_score": 4.7,
                "shipping_time_x": "[[\"10:00-21:15\"],[\"10:00-21:15\"],[\"10:00-21:15\"],[\"10:00-21:15\"],[\"10:00-21:15\"],[\"10:00-21:15\"],[\"10:00-21:15\"]]",
                "pre_book": 1,
                "brand_type": 12207,
                "sales": 91,
                "priority": 0,
                "wm_poi_opening_days": 10,
                "buz_type": 0,
                "across_book_offset_days": 0,
                "across_book_max_days": 0,
                "latitude": 30539616,
                "longitude": 114330458,
                "primitiveDistance": 1.7976931348623157e+308,
                "distance": "1.9km",
                "poi_type_icon": "http://p0.meituan.net/xianfu/1d8aa7f1ef0946e602d4ef5317388d831457.png",
                "ad_attr": "",
                "shipping_fee_tip": "配送 ¥4",
                "min_price_tip": "起送 ¥20",
                "average_price_tip": "",
                "recommend_info": {
                    "icon": "",
                    "recommend_reason": ""
                },
                "support_pay": 2,
                "invoice_support": 0,
                "invoice_min_price": 0,
                "charge_info": "",
                "ad_type": 0,
                "wm_poi_view_id": "541768161101968"
            },
            {
                "id": 442489992073349,
                "mt_poi_id": 64670751,
                "name": "九毛九山西手工面(凯德1818店)",
                "support_coupon": 0,
                "is_favorite": 0,
                "sort_reason_type": 0,
                "sort_reason_tag": "",
                "delivery_type": 1,
                "mt_delivery_time": "51分钟",
                "status": 1,
                "origin_status": 1,
                "status_desc": "",
                "pic_url": "http://p0.meituan.net/xianfu/e4437a3c18e48106b88a19ccb544cc1f35460.jpg",
                "pic_url_square": "",
                "avg_delivery_time": 51,
                "shipping_fee": 5,
                "shipping_fee_discount": 0,
                "min_price": 20,
                "new_promotion": 0,
                "discounts2": [
                    {
                        "id": -3,
                        "type": 99,
                        "info": "由美团专送提供高品质送餐服务",
                        "icon_url": "http://p0.meituan.net/xianfu/51639e2e7a51c71d967acc44a060e3092048.png",
                        "use_icon_from_server": 1,
                        "display_code": 1,
                        "sequence": 49
                    }
                ],
                "shipping_time_info": {
                    "in_shipping_time": 1,
                    "beg_shipping_time": "",
                    "status_content": "",
                    "desc_content": "",
                    "reservation_status": 0
                },
                "month_sale_num": 883,
                "wm_poi_score": 4.7,
                "shipping_time_x": "[[\"11:00-21:00\"],[\"11:00-21:00\"],[\"11:00-21:00\"],[\"11:00-21:00\"],[\"11:00-21:00\"],[\"11:00-21:00\"],[\"11:00-21:00\"]]",
                "pre_book": 0,
                "brand_type": 9389,
                "sales": 883,
                "priority": 0,
                "wm_poi_opening_days": 418,
                "buz_type": 0,
                "across_book_offset_days": 0,
                "across_book_max_days": 0,
                "latitude": 30552962,
                "longitude": 114340172,
                "primitiveDistance": 1.7976931348623157e+308,
                "distance": "1.0km",
                "poi_type_icon": "http://p0.meituan.net/xianfu/424019d742dbb6b0193ce7ac54a843201104.png",
                "ad_attr": "",
                "shipping_fee_tip": "配送 ¥5",
                "min_price_tip": "起送 ¥20",
                "average_price_tip": "人均 ¥31",
                "recommend_info": {
                    "icon": "",
                    "recommend_reason": ""
                },
                "support_pay": 2,
                "invoice_support": 1,
                "invoice_min_price": 0,
                "charge_info": "",
                "ad_type": 0,
                "wm_poi_view_id": "442489992073349"
            },
            {
                "id": 321608137508023,
                "mt_poi_id": 65450980,
                "name": "南京大牌档（武汉凯德1818店）",
                "support_coupon": 0,
                "is_favorite": 0,
                "sort_reason_type": 0,
                "sort_reason_tag": "",
                "delivery_type": 1,
                "mt_delivery_time": "50分钟",
                "status": 1,
                "origin_status": 1,
                "status_desc": "",
                "pic_url": "http://p1.meituan.net/xianfu/d3a267d8418c66850c3a7b8358aa8c408360.jpeg",
                "pic_url_square": "",
                "avg_delivery_time": 50,
                "shipping_fee": 5,
                "shipping_fee_discount": 0,
                "min_price": 20,
                "new_promotion": 0,
                "discounts2": [
                    {
                        "id": -3,
                        "type": 99,
                        "info": "由美团专送提供高品质送餐服务",
                        "icon_url": "http://p0.meituan.net/xianfu/51639e2e7a51c71d967acc44a060e3092048.png",
                        "use_icon_from_server": 1,
                        "display_code": 1,
                        "sequence": 49
                    }
                ],
                "shipping_time_info": {
                    "in_shipping_time": 1,
                    "beg_shipping_time": "",
                    "status_content": "",
                    "desc_content": "",
                    "reservation_status": 0
                },
                "month_sale_num": 3683,
                "wm_poi_score": 4.7,
                "shipping_time_x": "[[\"10:30-14:00\",\"16:30-21:20\"],[\"10:30-14:00\",\"16:30-21:20\"],[\"10:30-14:00\",\"16:30-21:20\"],[\"10:30-14:00\",\"16:30-21:20\"],[\"10:30-14:00\",\"16:30-21:20\"],[\"10:30-14:00\",\"16:30-21:20\"],[\"10:30-14:00\",\"16:30-21:20\"]]",
                "pre_book": 1,
                "brand_type": 9161,
                "sales": 3683,
                "priority": 0,
                "wm_poi_opening_days": 315,
                "buz_type": 0,
                "across_book_offset_days": 0,
                "across_book_max_days": 0,
                "latitude": 30552962,
                "longitude": 114340172,
                "primitiveDistance": 1.7976931348623157e+308,
                "distance": "1.0km",
                "poi_type_icon": "http://p0.meituan.net/xianfu/424019d742dbb6b0193ce7ac54a843201104.png",
                "ad_attr": "",
                "shipping_fee_tip": "配送 ¥5",
                "min_price_tip": "起送 ¥20",
                "average_price_tip": "人均 ¥21",
                "recommend_info": {
                    "icon": "",
                    "recommend_reason": ""
                },
                "support_pay": 2,
                "invoice_support": 1,
                "invoice_min_price": 30,
                "charge_info": "",
                "ad_type": 0,
                "wm_poi_view_id": "321608137508023"
            },
            {
                "id": 560489923595841,
                "mt_poi_id": 1895138,
                "name": "翠华餐厅(汉街店)",
                "support_coupon": 0,
                "is_favorite": 0,
                "sort_reason_type": 0,
                "sort_reason_tag": "",
                "delivery_type": 1,
                "mt_delivery_time": "48分钟",
                "status": 1,
                "origin_status": 1,
                "status_desc": "",
                "pic_url": "http://p1.meituan.net/xianfu/e5ab74eff5bb2393510805675a12a70410240.jpg",
                "pic_url_square": "",
                "avg_delivery_time": 48,
                "shipping_fee": 5,
                "shipping_fee_discount": 0,
                "min_price": 20,
                "new_promotion": 0,
                "discounts2": [
                    {
                        "id": -3,
                        "type": 99,
                        "info": "由美团专送提供高品质送餐服务",
                        "icon_url": "http://p0.meituan.net/xianfu/51639e2e7a51c71d967acc44a060e3092048.png",
                        "use_icon_from_server": 1,
                        "display_code": 1,
                        "sequence": 49
                    }
                ],
                "shipping_time_info": {
                    "in_shipping_time": 1,
                    "beg_shipping_time": "",
                    "status_content": "",
                    "desc_content": "",
                    "reservation_status": 0
                },
                "month_sale_num": 963,
                "wm_poi_score": 4.9,
                "shipping_time_x": "[[\"10:00-21:00\"],[\"10:00-21:00\"],[\"10:00-21:00\"],[\"10:00-21:00\"],[\"10:00-21:00\"],[\"10:00-21:00\"],[\"10:00-21:00\"]]",
                "pre_book": 0,
                "brand_type": 401,
                "sales": 963,
                "priority": 0,
                "wm_poi_opening_days": 476,
                "buz_type": 0,
                "across_book_offset_days": 0,
                "across_book_max_days": 0,
                "latitude": 30555617,
                "longitude": 114343521,
                "primitiveDistance": 1.7976931348623157e+308,
                "distance": "1.4km",
                "poi_type_icon": "http://p0.meituan.net/xianfu/424019d742dbb6b0193ce7ac54a843201104.png",
                "ad_attr": "",
                "shipping_fee_tip": "配送 ¥5",
                "min_price_tip": "起送 ¥20",
                "average_price_tip": "人均 ¥48",
                "recommend_info": {
                    "icon": "",
                    "recommend_reason": ""
                },
                "support_pay": 2,
                "invoice_support": 1,
                "invoice_min_price": 20,
                "charge_info": "",
                "ad_type": 0,
                "wm_poi_view_id": "560489923595841"
            },
            {
                "id": 493862095883583,
                "mt_poi_id": 51287075,
                "name": "如意馄饨（中南旗舰店）",
                "support_coupon": 0,
                "is_favorite": 0,
                "sort_reason_type": 0,
                "sort_reason_tag": "",
                "delivery_type": 1,
                "mt_delivery_time": "44分钟",
                "status": 1,
                "origin_status": 1,
                "status_desc": "",
                "pic_url": "http://p0.meituan.net/xianfu/829ddf0c82683c1311c29444646818be46396.jpg",
                "pic_url_square": "",
                "avg_delivery_time": 44,
                "shipping_fee": 4,
                "shipping_fee_discount": 0,
                "min_price": 20,
                "new_promotion": 0,
                "discounts2": [
                    {
                        "id": 103,
                        "type": 24,
                        "info": "可领2元代金券",
                        "icon_url": "http://p0.meituan.net/xianfu/c2c0f31d0ebf0f60af115d058169c492992.png",
                        "use_icon_from_server": 1,
                        "display_code": 2,
                        "sequence": 6
                    },
                    {
                        "id": -3,
                        "type": 99,
                        "info": "由美团专送提供高品质送餐服务",
                        "icon_url": "http://p0.meituan.net/xianfu/51639e2e7a51c71d967acc44a060e3092048.png",
                        "use_icon_from_server": 1,
                        "display_code": 1,
                        "sequence": 49
                    }
                ],
                "shipping_time_info": {
                    "in_shipping_time": 1,
                    "beg_shipping_time": "",
                    "status_content": "",
                    "desc_content": "",
                    "reservation_status": 0
                },
                "month_sale_num": 3879,
                "wm_poi_score": 4.6,
                "shipping_time_x": "[[\"07:30-22:30\"],[\"07:30-22:30\"],[\"07:30-22:30\"],[\"07:30-22:30\"],[\"07:30-22:30\"],[\"07:30-22:30\"],[\"07:30-22:30\"]]",
                "pre_book": 1,
                "brand_type": 30813,
                "sales": 3879,
                "priority": 0,
                "wm_poi_opening_days": 790,
                "buz_type": 0,
                "across_book_offset_days": 0,
                "across_book_max_days": 0,
                "latitude": 30537847,
                "longitude": 114331836,
                "primitiveDistance": 1.7976931348623157e+308,
                "distance": "1.9km",
                "poi_type_icon": "http://p0.meituan.net/xianfu/424019d742dbb6b0193ce7ac54a843201104.png",
                "ad_attr": "",
                "shipping_fee_tip": "配送 ¥4",
                "min_price_tip": "起送 ¥20",
                "average_price_tip": "人均 ¥22",
                "recommend_info": {
                    "icon": "",
                    "recommend_reason": ""
                },
                "support_pay": 2,
                "invoice_support": 1,
                "invoice_min_price": 20,
                "charge_info": "",
                "ad_type": 0,
                "wm_poi_view_id": "493862095883583"
            },
            {
                "id": 336447249519818,
                "mt_poi_id": 111205869,
                "name": "西贝莜面村（武汉中南路店）",
                "support_coupon": 0,
                "is_favorite": 0,
                "sort_reason_type": 0,
                "sort_reason_tag": "",
                "delivery_type": 1,
                "mt_delivery_time": "52分钟",
                "status": 1,
                "origin_status": 1,
                "status_desc": "",
                "pic_url": "http://p0.meituan.net/xianfu/855b75c4bfca1c51a5c1e65061a865499740.jpeg",
                "pic_url_square": "",
                "avg_delivery_time": 52,
                "shipping_fee": 5,
                "shipping_fee_discount": 0,
                "min_price": 20,
                "new_promotion": 0,
                "discounts2": [
                    {
                        "id": -3,
                        "type": 99,
                        "info": "由美团专送提供高品质送餐服务",
                        "icon_url": "http://p0.meituan.net/xianfu/51639e2e7a51c71d967acc44a060e3092048.png",
                        "use_icon_from_server": 1,
                        "display_code": 1,
                        "sequence": 49
                    }
                ],
                "shipping_time_info": {
                    "in_shipping_time": 1,
                    "beg_shipping_time": "",
                    "status_content": "",
                    "desc_content": "",
                    "reservation_status": 0
                },
                "month_sale_num": 1629,
                "wm_poi_score": 4.7,
                "shipping_time_x": "[[\"11:00-14:00\",\"17:00-21:00\"],[\"11:00-14:00\",\"17:00-21:00\"],[\"11:00-14:00\",\"17:00-21:00\"],[\"11:00-14:00\",\"17:00-21:00\"],[\"11:00-14:00\",\"17:00-21:00\"],[\"11:00-14:00\",\"17:00-21:00\"],[\"11:00-14:00\",\"17:00-21:00\"]]",
                "pre_book": 1,
                "brand_type": 291,
                "sales": 1629,
                "priority": 0,
                "wm_poi_opening_days": 186,
                "buz_type": 0,
                "across_book_offset_days": 0,
                "across_book_max_days": 0,
                "latitude": 30537710,
                "longitude": 114333644,
                "primitiveDistance": 1.7976931348623157e+308,
                "distance": "1.8km",
                "poi_type_icon": "http://p0.meituan.net/xianfu/424019d742dbb6b0193ce7ac54a843201104.png",
                "ad_attr": "",
                "shipping_fee_tip": "配送 ¥5",
                "min_price_tip": "起送 ¥20",
                "average_price_tip": "人均 ¥30",
                "recommend_info": {
                    "icon": "",
                    "recommend_reason": ""
                },
                "support_pay": 2,
                "invoice_support": 1,
                "invoice_min_price": 30,
                "charge_info": "",
                "ad_type": 0,
                "wm_poi_view_id": "336447249519818"
            },
            {
                "id": 543954299476015,
                "mt_poi_id": 161873944,
                "name": "港式烧腊饭（大食代店）",
                "support_coupon": 0,
                "is_favorite": 0,
                "sort_reason_type": 0,
                "sort_reason_tag": "",
                "delivery_type": 1,
                "mt_delivery_time": "36分钟",
                "status": 1,
                "origin_status": 1,
                "status_desc": "",
                "pic_url": "http://p0.meituan.net/xianfu/2c0074ccf930c98d98aea0c00a108a25238266.jpg",
                "pic_url_square": "",
                "avg_delivery_time": 36,
                "shipping_fee": 4,
                "shipping_fee_discount": 0,
                "min_price": 20,
                "new_promotion": 1,
                "discounts2": [
                    {
                        "id": 100,
                        "type": 20,
                        "info": "实际支付35元返3元商家代金券",
                        "icon_url": "http://p0.meituan.net/xianfu/652eea4034250563fe11b02e3219ba8d981.png",
                        "use_icon_from_server": 1,
                        "display_code": 2,
                        "sequence": 7
                    },
                    {
                        "id": -3,
                        "type": 99,
                        "info": "由美团专送提供高品质送餐服务",
                        "icon_url": "http://p0.meituan.net/xianfu/51639e2e7a51c71d967acc44a060e3092048.png",
                        "use_icon_from_server": 1,
                        "display_code": 1,
                        "sequence": 49
                    }
                ],
                "shipping_time_info": {
                    "in_shipping_time": 1,
                    "beg_shipping_time": "",
                    "status_content": "",
                    "desc_content": "",
                    "reservation_status": 0
                },
                "month_sale_num": 15,
                "wm_poi_score": 5,
                "shipping_time_x": "[[\"09:45-20:05\"],[\"09:45-20:05\"],[\"09:45-20:05\"],[\"09:45-20:05\"],[\"09:45-20:05\"],[\"09:45-20:05\"],[\"09:45-20:05\"]]",
                "pre_book": 1,
                "brand_type": 0,
                "sales": 15,
                "priority": 0,
                "wm_poi_opening_days": 5,
                "buz_type": 0,
                "across_book_offset_days": 0,
                "across_book_max_days": 0,
                "latitude": 30551430,
                "longitude": 114339520,
                "primitiveDistance": 1.7976931348623157e+308,
                "distance": "830m",
                "poi_type_icon": "http://p0.meituan.net/xianfu/1d8aa7f1ef0946e602d4ef5317388d831457.png",
                "ad_attr": "",
                "shipping_fee_tip": "配送 ¥4",
                "min_price_tip": "起送 ¥20",
                "average_price_tip": "",
                "recommend_info": {
                    "icon": "",
                    "recommend_reason": ""
                },
                "support_pay": 2,
                "invoice_support": 0,
                "invoice_min_price": 0,
                "charge_info": "",
                "ad_type": 0,
                "wm_poi_view_id": "543954299476015"
            },
            {
                "id": 345720083960693,
                "mt_poi_id": 93467737,
                "name": "香他她煲仔饭（凯德1818店）",
                "support_coupon": 0,
                "is_favorite": 0,
                "sort_reason_type": 0,
                "sort_reason_tag": "",
                "delivery_type": 1,
                "mt_delivery_time": "45分钟",
                "status": 1,
                "origin_status": 1,
                "status_desc": "",
                "pic_url": "http://p1.meituan.net/xianfu/dd0924646979b32c80153b2dc51367de29373.jpg",
                "pic_url_square": "",
                "avg_delivery_time": 45,
                "shipping_fee": 4,
                "shipping_fee_discount": 0,
                "min_price": 20,
                "new_promotion": 0,
                "discounts2": [
                    {
                        "id": -3,
                        "type": 99,
                        "info": "由美团专送提供高品质送餐服务",
                        "icon_url": "http://p0.meituan.net/xianfu/51639e2e7a51c71d967acc44a060e3092048.png",
                        "use_icon_from_server": 1,
                        "display_code": 1,
                        "sequence": 49
                    }
                ],
                "shipping_time_info": {
                    "in_shipping_time": 1,
                    "beg_shipping_time": "",
                    "status_content": "",
                    "desc_content": "",
                    "reservation_status": 0
                },
                "month_sale_num": 3041,
                "wm_poi_score": 4.6,
                "shipping_time_x": "[[\"10:00-20:50\"],[\"10:00-20:50\"],[\"10:00-20:50\"],[\"10:00-20:50\"],[\"10:00-20:50\"],[\"10:00-20:50\"],[\"10:00-20:50\"]]",
                "pre_book": 1,
                "brand_type": 28266,
                "sales": 3041,
                "priority": 0,
                "wm_poi_opening_days": 455,
                "buz_type": 0,
                "across_book_offset_days": 0,
                "across_book_max_days": 0,
                "latitude": 30553760,
                "longitude": 114339975,
                "primitiveDistance": 1.7976931348623157e+308,
                "distance": "1.2km",
                "poi_type_icon": "http://p0.meituan.net/xianfu/424019d742dbb6b0193ce7ac54a843201104.png",
                "ad_attr": "",
                "shipping_fee_tip": "配送 ¥4",
                "min_price_tip": "起送 ¥20",
                "average_price_tip": "人均 ¥21",
                "recommend_info": {
                    "icon": "",
                    "recommend_reason": ""
                },
                "support_pay": 2,
                "invoice_support": 0,
                "invoice_min_price": 0,
                "charge_info": "",
                "ad_type": 0,
                "wm_poi_view_id": "345720083960693"
            },
            {
                "id": 431945847404026,
                "mt_poi_id": 51167098,
                "name": "眉州东坡酒楼(凯德1818店)",
                "support_coupon": 0,
                "is_favorite": 0,
                "sort_reason_type": 0,
                "sort_reason_tag": "",
                "delivery_type": 1,
                "mt_delivery_time": "56分钟",
                "status": 1,
                "origin_status": 1,
                "status_desc": "",
                "pic_url": "http://p0.meituan.net/xianfu/3e3a9dc92701d915cf52d3bfdc5f71ac10338.jpg",
                "pic_url_square": "",
                "avg_delivery_time": 56,
                "shipping_fee": 5,
                "shipping_fee_discount": 0,
                "min_price": 20,
                "new_promotion": 0,
                "discounts2": [
                    {
                        "id": -3,
                        "type": 99,
                        "info": "由美团专送提供高品质送餐服务",
                        "icon_url": "http://p0.meituan.net/xianfu/51639e2e7a51c71d967acc44a060e3092048.png",
                        "use_icon_from_server": 1,
                        "display_code": 1,
                        "sequence": 49
                    }
                ],
                "shipping_time_info": {
                    "in_shipping_time": 1,
                    "beg_shipping_time": "",
                    "status_content": "",
                    "desc_content": "",
                    "reservation_status": 0
                },
                "month_sale_num": 2419,
                "wm_poi_score": 4.7,
                "shipping_time_x": "[[\"10:00-14:30\",\"17:00-21:30\"],[\"10:00-14:30\",\"17:00-21:30\"],[\"10:00-14:30\",\"17:00-21:30\"],[\"10:00-14:30\",\"17:00-21:30\"],[\"10:00-14:30\",\"17:00-21:30\"],[\"10:00-14:30\",\"17:00-21:30\"],[\"10:00-14:30\",\"17:00-21:30\"]]",
                "pre_book": 1,
                "brand_type": 375,
                "sales": 2419,
                "priority": 0,
                "wm_poi_opening_days": 557,
                "buz_type": 0,
                "across_book_offset_days": 0,
                "across_book_max_days": 0,
                "latitude": 30553598,
                "longitude": 114340313,
                "primitiveDistance": 1.7976931348623157e+308,
                "distance": "1.1km",
                "poi_type_icon": "http://p0.meituan.net/xianfu/424019d742dbb6b0193ce7ac54a843201104.png",
                "ad_attr": "",
                "shipping_fee_tip": "配送 ¥5",
                "min_price_tip": "起送 ¥20",
                "average_price_tip": "人均 ¥34",
                "recommend_info": {
                    "icon": "",
                    "recommend_reason": ""
                },
                "support_pay": 2,
                "invoice_support": 1,
                "invoice_min_price": 1,
                "charge_info": "",
                "ad_type": 0,
                "wm_poi_view_id": "431945847404026"
            },
            {
                "id": 285208289713871,
                "mt_poi_id": 741739,
                "name": "周黑鸭（中南一店）",
                "support_coupon": 0,
                "is_favorite": 0,
                "sort_reason_type": 0,
                "sort_reason_tag": "",
                "delivery_type": 1,
                "mt_delivery_time": "42分钟",
                "status": 1,
                "origin_status": 1,
                "status_desc": "",
                "pic_url": "http://p1.meituan.net/xianfu/2b83f8f7fd3b98b3c2de1448fa02a73925372.jpeg",
                "pic_url_square": "",
                "avg_delivery_time": 42,
                "shipping_fee": 5,
                "shipping_fee_discount": 0,
                "min_price": 20,
                "new_promotion": 0,
                "discounts2": [
                    {
                        "id": -3,
                        "type": 99,
                        "info": "由美团专送提供高品质送餐服务",
                        "icon_url": "http://p0.meituan.net/xianfu/51639e2e7a51c71d967acc44a060e3092048.png",
                        "use_icon_from_server": 1,
                        "display_code": 1,
                        "sequence": 49
                    }
                ],
                "shipping_time_info": {
                    "in_shipping_time": 1,
                    "beg_shipping_time": "",
                    "status_content": "",
                    "desc_content": "",
                    "reservation_status": 0
                },
                "month_sale_num": 922,
                "wm_poi_score": 4.8,
                "shipping_time_x": "[[\"08:30-21:00\"],[\"08:30-21:00\"],[\"08:30-21:00\"],[\"08:30-21:00\"],[\"08:30-21:00\"],[\"08:30-21:00\"],[\"08:30-21:00\"]]",
                "pre_book": 0,
                "brand_type": 10361,
                "sales": 922,
                "priority": 0,
                "wm_poi_opening_days": 299,
                "buz_type": 0,
                "across_book_offset_days": 0,
                "across_book_max_days": 0,
                "latitude": 30535746,
                "longitude": 114332329,
                "primitiveDistance": 1.7976931348623157e+308,
                "distance": "2.1km",
                "poi_type_icon": "http://p0.meituan.net/xianfu/424019d742dbb6b0193ce7ac54a843201104.png",
                "ad_attr": "",
                "shipping_fee_tip": "配送 ¥5",
                "min_price_tip": "起送 ¥20",
                "average_price_tip": "人均 ¥47",
                "recommend_info": {
                    "icon": "",
                    "recommend_reason": ""
                },
                "support_pay": 2,
                "invoice_support": 0,
                "invoice_min_price": 0,
                "charge_info": "",
                "ad_type": 0,
                "wm_poi_view_id": "285208289713871"
            },
            {
                "id": 289571976505983,
                "mt_poi_id": 161997243,
                "name": "乡里大厨（洪山广场店）",
                "support_coupon": 0,
                "is_favorite": 0,
                "sort_reason_type": 0,
                "sort_reason_tag": "",
                "delivery_type": 0,
                "mt_delivery_time": "60分钟",
                "status": 1,
                "origin_status": 1,
                "status_desc": "",
                "pic_url": "http://p0.meituan.net/xianfu/585ffc4baccc05da80d15daa0f2503e9225280.jpg",
                "pic_url_square": "",
                "avg_delivery_time": 60,
                "shipping_fee": 2.5,
                "shipping_fee_discount": 0,
                "min_price": 20,
                "new_promotion": 1,
                "discounts2": [],
                "shipping_time_info": {
                    "in_shipping_time": 1,
                    "beg_shipping_time": "",
                    "status_content": "",
                    "desc_content": "",
                    "reservation_status": 0
                },
                "month_sale_num": 0,
                "wm_poi_score": 0,
                "shipping_time_x": "[[\"10:00-23:00\"],[\"10:00-23:00\"],[\"10:00-23:00\"],[\"10:00-23:00\"],[\"10:00-23:00\"],[\"10:00-23:00\"],[\"10:00-23:00\"]]",
                "pre_book": 1,
                "brand_type": 0,
                "sales": 0,
                "priority": 0,
                "wm_poi_opening_days": 1,
                "buz_type": 0,
                "across_book_offset_days": 0,
                "across_book_max_days": 0,
                "latitude": 30548360,
                "longitude": 114337915,
                "primitiveDistance": 1.7976931348623157e+308,
                "distance": "604m",
                "poi_type_icon": "http://p0.meituan.net/xianfu/1d8aa7f1ef0946e602d4ef5317388d831457.png",
                "ad_attr": "",
                "shipping_fee_tip": "配送 ¥2.5",
                "min_price_tip": "起送 ¥20",
                "average_price_tip": "",
                "recommend_info": {
                    "icon": "",
                    "recommend_reason": ""
                },
                "support_pay": 2,
                "invoice_support": 0,
                "invoice_min_price": 0,
                "charge_info": "",
                "ad_type": 0,
                "wm_poi_view_id": "289571976505983"
            },
            {
                "id": 397117957597453,
                "mt_poi_id": 152306738,
                "name": "五芳斋回味餐厅（武汉中南一路店）",
                "support_coupon": 0,
                "is_favorite": 0,
                "sort_reason_type": 0,
                "sort_reason_tag": "",
                "delivery_type": 1,
                "mt_delivery_time": "49分钟",
                "status": 1,
                "origin_status": 1,
                "status_desc": "",
                "pic_url": "http://p0.meituan.net/xianfu/5a0b0c14a48ec4a97a12fd39b716a03022260.jpg",
                "pic_url_square": "",
                "avg_delivery_time": 49,
                "shipping_fee": 4,
                "shipping_fee_discount": 0,
                "min_price": 20,
                "new_promotion": 0,
                "discounts2": [
                    {
                        "id": -3,
                        "type": 99,
                        "info": "由美团专送提供高品质送餐服务",
                        "icon_url": "http://p0.meituan.net/xianfu/51639e2e7a51c71d967acc44a060e3092048.png",
                        "use_icon_from_server": 1,
                        "display_code": 1,
                        "sequence": 49
                    }
                ],
                "shipping_time_info": {
                    "in_shipping_time": 1,
                    "beg_shipping_time": "",
                    "status_content": "",
                    "desc_content": "",
                    "reservation_status": 0
                },
                "month_sale_num": 1280,
                "wm_poi_score": 4.7,
                "shipping_time_x": "[[\"07:00-20:00\"],[\"07:00-20:00\"],[\"07:00-20:00\"],[\"07:00-20:00\"],[\"07:00-20:00\"],[\"07:00-20:00\"],[\"07:00-20:00\"]]",
                "pre_book": 0,
                "brand_type": 11252,
                "sales": 1280,
                "priority": 0,
                "wm_poi_opening_days": 214,
                "buz_type": 0,
                "across_book_offset_days": 0,
                "across_book_max_days": 0,
                "latitude": 30535125,
                "longitude": 114332192,
                "primitiveDistance": 1.7976931348623157e+308,
                "distance": "2.2km",
                "poi_type_icon": "http://p0.meituan.net/xianfu/424019d742dbb6b0193ce7ac54a843201104.png",
                "ad_attr": "",
                "shipping_fee_tip": "配送 ¥4",
                "min_price_tip": "起送 ¥20",
                "average_price_tip": "人均 ¥19",
                "recommend_info": {
                    "icon": "",
                    "recommend_reason": ""
                },
                "support_pay": 2,
                "invoice_support": 1,
                "invoice_min_price": 100,
                "charge_info": "",
                "ad_type": 0,
                "wm_poi_view_id": "397117957597453"
            },
            {
                "id": 532117369638030,
                "mt_poi_id": 156867611,
                "name": "大米先生（洪山广场店）",
                "support_coupon": 0,
                "is_favorite": 0,
                "sort_reason_type": 0,
                "sort_reason_tag": "",
                "delivery_type": 1,
                "mt_delivery_time": "35分钟",
                "status": 1,
                "origin_status": 1,
                "status_desc": "",
                "pic_url": "http://p1.meituan.net/xianfu/56aa10e5f869fce1222699d06f5a75dc11576.jpg",
                "pic_url_square": "",
                "avg_delivery_time": 35,
                "shipping_fee": 4,
                "shipping_fee_discount": 0,
                "min_price": 20,
                "new_promotion": 0,
                "discounts2": [
                    {
                        "id": 103,
                        "type": 24,
                        "info": "可领3元代金券",
                        "icon_url": "http://p0.meituan.net/xianfu/c2c0f31d0ebf0f60af115d058169c492992.png",
                        "use_icon_from_server": 1,
                        "display_code": 2,
                        "sequence": 6
                    },
                    {
                        "id": 100,
                        "type": 20,
                        "info": "实际支付30元返3元商家代金券",
                        "icon_url": "http://p0.meituan.net/xianfu/652eea4034250563fe11b02e3219ba8d981.png",
                        "use_icon_from_server": 1,
                        "display_code": 2,
                        "sequence": 7
                    },
                    {
                        "id": -3,
                        "type": 99,
                        "info": "由美团专送提供高品质送餐服务",
                        "icon_url": "http://p0.meituan.net/xianfu/51639e2e7a51c71d967acc44a060e3092048.png",
                        "use_icon_from_server": 1,
                        "display_code": 1,
                        "sequence": 49
                    }
                ],
                "shipping_time_info": {
                    "in_shipping_time": 1,
                    "beg_shipping_time": "",
                    "status_content": "",
                    "desc_content": "",
                    "reservation_status": 0
                },
                "month_sale_num": 892,
                "wm_poi_score": 4.4,
                "shipping_time_x": "[[\"10:00-19:40\"],[\"10:00-19:40\"],[\"10:00-19:40\"],[\"10:00-19:40\"],[\"10:00-19:40\"],[\"10:00-19:40\"],[\"10:00-19:40\"]]",
                "pre_book": 1,
                "brand_type": 100003951,
                "sales": 892,
                "priority": 0,
                "wm_poi_opening_days": 130,
                "buz_type": 0,
                "across_book_offset_days": 0,
                "across_book_max_days": 0,
                "latitude": 30548099,
                "longitude": 114337714,
                "primitiveDistance": 1.7976931348623157e+308,
                "distance": "610m",
                "poi_type_icon": "http://p0.meituan.net/xianfu/424019d742dbb6b0193ce7ac54a843201104.png",
                "ad_attr": "",
                "shipping_fee_tip": "配送 ¥4",
                "min_price_tip": "起送 ¥20",
                "average_price_tip": "人均 ¥18",
                "recommend_info": {
                    "icon": "",
                    "recommend_reason": ""
                },
                "support_pay": 2,
                "invoice_support": 1,
                "invoice_min_price": 0,
                "charge_info": "",
                "ad_type": 0,
                "wm_poi_view_id": "532117369638030"
            },
            {
                "id": 426675922494174,
                "mt_poi_id": 95127393,
                "name": "虾与稻(汉街店)",
                "support_coupon": 0,
                "is_favorite": 0,
                "sort_reason_type": 0,
                "sort_reason_tag": "",
                "delivery_type": 1,
                "mt_delivery_time": "43分钟",
                "status": 1,
                "origin_status": 1,
                "status_desc": "",
                "pic_url": "http://p1.meituan.net/xianfu/70eccc5bef60f1136072f30971b56977115823.png",
                "pic_url_square": "",
                "avg_delivery_time": 43,
                "shipping_fee": 3,
                "shipping_fee_discount": 0,
                "min_price": 20,
                "new_promotion": 0,
                "discounts2": [
                    {
                        "id": 100,
                        "type": 20,
                        "info": "实际支付1元返3元商家代金券",
                        "icon_url": "http://p0.meituan.net/xianfu/652eea4034250563fe11b02e3219ba8d981.png",
                        "use_icon_from_server": 1,
                        "display_code": 2,
                        "sequence": 7
                    },
                    {
                        "id": -3,
                        "type": 99,
                        "info": "由美团专送提供高品质送餐服务",
                        "icon_url": "http://p0.meituan.net/xianfu/51639e2e7a51c71d967acc44a060e3092048.png",
                        "use_icon_from_server": 1,
                        "display_code": 1,
                        "sequence": 49
                    }
                ],
                "shipping_time_info": {
                    "in_shipping_time": 1,
                    "beg_shipping_time": "",
                    "status_content": "",
                    "desc_content": "",
                    "reservation_status": 0
                },
                "month_sale_num": 1932,
                "wm_poi_score": 4.8,
                "shipping_time_x": "[[\"10:15-19:50\"],[\"10:15-19:50\"],[\"10:15-19:50\"],[\"10:15-19:50\"],[\"10:15-19:50\"],[\"10:15-19:50\"],[\"10:15-19:50\"]]",
                "pre_book": 1,
                "brand_type": 100007254,
                "sales": 1932,
                "priority": 0,
                "wm_poi_opening_days": 128,
                "buz_type": 0,
                "across_book_offset_days": 0,
                "across_book_max_days": 0,
                "latitude": 30552637,
                "longitude": 114339157,
                "primitiveDistance": 1.7976931348623157e+308,
                "distance": "1.0km",
                "poi_type_icon": "http://p0.meituan.net/xianfu/424019d742dbb6b0193ce7ac54a843201104.png",
                "ad_attr": "",
                "shipping_fee_tip": "配送 ¥3",
                "min_price_tip": "起送 ¥20",
                "average_price_tip": "人均 ¥22",
                "recommend_info": {
                    "icon": "",
                    "recommend_reason": ""
                },
                "support_pay": 2,
                "invoice_support": 0,
                "invoice_min_price": 0,
                "charge_info": "",
                "ad_type": 0,
                "wm_poi_view_id": "426675922494174"
            },
            {
                "id": 531851081655567,
                "mt_poi_id": 159430117,
                "name": "红状元粥店（汉街店）",
                "support_coupon": 0,
                "is_favorite": 0,
                "sort_reason_type": 0,
                "sort_reason_tag": "",
                "delivery_type": 1,
                "mt_delivery_time": "41分钟",
                "status": 1,
                "origin_status": 1,
                "status_desc": "",
                "pic_url": "http://p0.meituan.net/xianfu/028e6a3610902ac14f755ec86c15bfb0331645.jpg",
                "pic_url_square": "",
                "avg_delivery_time": 41,
                "shipping_fee": 3,
                "shipping_fee_discount": 0,
                "min_price": 15,
                "new_promotion": 0,
                "discounts2": [
                    {
                        "id": 103,
                        "type": 24,
                        "info": "本店新用户可领2元代金券",
                        "icon_url": "http://p0.meituan.net/xianfu/c2c0f31d0ebf0f60af115d058169c492992.png",
                        "use_icon_from_server": 1,
                        "display_code": 2,
                        "sequence": 6
                    },
                    {
                        "id": 100,
                        "type": 20,
                        "info": "实际支付40元返2元商家代金券",
                        "icon_url": "http://p0.meituan.net/xianfu/652eea4034250563fe11b02e3219ba8d981.png",
                        "use_icon_from_server": 1,
                        "display_code": 2,
                        "sequence": 7
                    },
                    {
                        "id": -3,
                        "type": 99,
                        "info": "由美团专送提供高品质送餐服务",
                        "icon_url": "http://p0.meituan.net/xianfu/51639e2e7a51c71d967acc44a060e3092048.png",
                        "use_icon_from_server": 1,
                        "display_code": 1,
                        "sequence": 49
                    }
                ],
                "shipping_time_info": {
                    "in_shipping_time": 1,
                    "beg_shipping_time": "",
                    "status_content": "",
                    "desc_content": "",
                    "reservation_status": 0
                },
                "month_sale_num": 5148,
                "wm_poi_score": 4.7,
                "shipping_time_x": "[[\"07:50-14:00\",\"15:50-20:30\"],[\"07:50-14:00\",\"15:50-20:30\"],[\"07:50-14:00\",\"15:50-20:30\"],[\"07:50-14:00\",\"15:50-20:30\"],[\"07:50-14:00\",\"15:50-20:30\"],[\"07:50-14:00\",\"15:50-20:30\"],[\"07:50-14:00\",\"15:50-20:30\"]]",
                "pre_book": 1,
                "brand_type": 33665,
                "sales": 5148,
                "priority": 0,
                "wm_poi_opening_days": 81,
                "buz_type": 0,
                "across_book_offset_days": 0,
                "across_book_max_days": 0,
                "latitude": 30559039,
                "longitude": 114344126,
                "primitiveDistance": 1.7976931348623157e+308,
                "distance": "2.0km",
                "poi_type_icon": "http://p0.meituan.net/xianfu/424019d742dbb6b0193ce7ac54a843201104.png",
                "ad_attr": "",
                "shipping_fee_tip": "配送 ¥3",
                "min_price_tip": "起送 ¥15",
                "average_price_tip": "人均 ¥17",
                "recommend_info": {
                    "icon": "",
                    "recommend_reason": ""
                },
                "support_pay": 2,
                "invoice_support": 0,
                "invoice_min_price": 0,
                "charge_info": "",
                "ad_type": 0,
                "wm_poi_view_id": "531851081655567"
            },
            {
                "id": 353979306032071,
                "mt_poi_id": 94166862,
                "name": "如意馄饨(东湖国际店)",
                "support_coupon": 0,
                "is_favorite": 0,
                "sort_reason_type": 0,
                "sort_reason_tag": "",
                "delivery_type": 1,
                "mt_delivery_time": "41分钟",
                "status": 1,
                "origin_status": 1,
                "status_desc": "",
                "pic_url": "http://p0.meituan.net/xianfu/829ddf0c82683c1311c29444646818be46396.jpg",
                "pic_url_square": "",
                "avg_delivery_time": 41,
                "shipping_fee": 4,
                "shipping_fee_discount": 0,
                "min_price": 20,
                "new_promotion": 0,
                "discounts2": [
                    {
                        "id": -3,
                        "type": 99,
                        "info": "由美团专送提供高品质送餐服务",
                        "icon_url": "http://p0.meituan.net/xianfu/51639e2e7a51c71d967acc44a060e3092048.png",
                        "use_icon_from_server": 1,
                        "display_code": 1,
                        "sequence": 49
                    }
                ],
                "shipping_time_info": {
                    "in_shipping_time": 1,
                    "beg_shipping_time": "",
                    "status_content": "",
                    "desc_content": "",
                    "reservation_status": 0
                },
                "month_sale_num": 1435,
                "wm_poi_score": 4.7,
                "shipping_time_x": "[[\"07:45-20:30\"],[\"07:45-20:30\"],[\"07:45-20:30\"],[\"07:45-20:30\"],[\"07:45-20:30\"],[\"07:45-20:30\"],[\"07:45-20:30\"]]",
                "pre_book": 1,
                "brand_type": 30813,
                "sales": 1435,
                "priority": 0,
                "wm_poi_opening_days": 574,
                "buz_type": 0,
                "across_book_offset_days": 0,
                "across_book_max_days": 0,
                "latitude": 30560277,
                "longitude": 114350764,
                "primitiveDistance": 1.7976931348623157e+308,
                "distance": "2.5km",
                "poi_type_icon": "http://p0.meituan.net/xianfu/424019d742dbb6b0193ce7ac54a843201104.png",
                "ad_attr": "",
                "shipping_fee_tip": "配送 ¥4",
                "min_price_tip": "起送 ¥20",
                "average_price_tip": "人均 ¥17",
                "recommend_info": {
                    "icon": "",
                    "recommend_reason": ""
                },
                "support_pay": 2,
                "invoice_support": 0,
                "invoice_min_price": 0,
                "charge_info": "",
                "ad_type": 0,
                "wm_poi_view_id": "353979306032071"
            },
            {
                "id": 496258687683370,
                "mt_poi_id": 154034134,
                "name": "悦享食遇（汉街店）",
                "support_coupon": 0,
                "is_favorite": 0,
                "sort_reason_type": 0,
                "sort_reason_tag": "",
                "delivery_type": 1,
                "mt_delivery_time": "40分钟",
                "status": 1,
                "origin_status": 1,
                "status_desc": "",
                "pic_url": "http://p1.meituan.net/xianfu/26cb4e468717c46960c88180734c98e3248413.jpg",
                "pic_url_square": "",
                "avg_delivery_time": 40,
                "shipping_fee": 3,
                "shipping_fee_discount": 0,
                "min_price": 20,
                "new_promotion": 0,
                "discounts2": [
                    {
                        "id": 100,
                        "type": 20,
                        "info": "实际支付20元返3元商家代金券",
                        "icon_url": "http://p0.meituan.net/xianfu/652eea4034250563fe11b02e3219ba8d981.png",
                        "use_icon_from_server": 1,
                        "display_code": 2,
                        "sequence": 7
                    },
                    {
                        "id": -3,
                        "type": 99,
                        "info": "由美团专送提供高品质送餐服务",
                        "icon_url": "http://p0.meituan.net/xianfu/51639e2e7a51c71d967acc44a060e3092048.png",
                        "use_icon_from_server": 1,
                        "display_code": 1,
                        "sequence": 49
                    }
                ],
                "shipping_time_info": {
                    "in_shipping_time": 1,
                    "beg_shipping_time": "",
                    "status_content": "",
                    "desc_content": "",
                    "reservation_status": 0
                },
                "month_sale_num": 1521,
                "wm_poi_score": 4.7,
                "shipping_time_x": "[[\"10:10-20:30\"],[\"10:10-20:30\"],[\"10:10-20:30\"],[\"10:10-20:30\"],[\"10:10-20:30\"],[\"10:10-20:30\"],[\"10:10-20:30\"]]",
                "pre_book": 1,
                "brand_type": 0,
                "sales": 1521,
                "priority": 0,
                "wm_poi_opening_days": 185,
                "buz_type": 0,
                "across_book_offset_days": 0,
                "across_book_max_days": 0,
                "latitude": 30555073,
                "longitude": 114347339,
                "primitiveDistance": 1.7976931348623157e+308,
                "distance": "1.5km",
                "poi_type_icon": "",
                "ad_attr": "",
                "shipping_fee_tip": "配送 ¥3",
                "min_price_tip": "起送 ¥20",
                "average_price_tip": "人均 ¥13",
                "recommend_info": {
                    "icon": "",
                    "recommend_reason": ""
                },
                "support_pay": 2,
                "invoice_support": 1,
                "invoice_min_price": 88,
                "charge_info": "",
                "ad_type": 0,
                "wm_poi_view_id": "496258687683370"
            },
            {
                "id": 359605713225950,
                "mt_poi_id": 1141097,
                "name": "秀玉红茶坊(汉街店)",
                "support_coupon": 0,
                "is_favorite": 0,
                "sort_reason_type": 0,
                "sort_reason_tag": "",
                "delivery_type": 1,
                "mt_delivery_time": "54分钟",
                "status": 1,
                "origin_status": 1,
                "status_desc": "",
                "pic_url": "http://p1.meituan.net/xianfu/1ad5a776ee0955ac81ce27659226329723824.jpg",
                "pic_url_square": "",
                "avg_delivery_time": 54,
                "shipping_fee": 5,
                "shipping_fee_discount": 0,
                "min_price": 20,
                "new_promotion": 0,
                "discounts2": [
                    {
                        "id": -3,
                        "type": 99,
                        "info": "由美团专送提供高品质送餐服务",
                        "icon_url": "http://p0.meituan.net/xianfu/51639e2e7a51c71d967acc44a060e3092048.png",
                        "use_icon_from_server": 1,
                        "display_code": 1,
                        "sequence": 49
                    }
                ],
                "shipping_time_info": {
                    "in_shipping_time": 1,
                    "beg_shipping_time": "",
                    "status_content": "",
                    "desc_content": "",
                    "reservation_status": 0
                },
                "month_sale_num": 2251,
                "wm_poi_score": 4.6,
                "shipping_time_x": "[[\"10:30-21:00\"],[\"10:30-21:00\"],[\"10:30-21:00\"],[\"10:30-21:00\"],[\"10:30-21:00\"],[\"10:30-21:00\"],[\"10:30-21:00\"]]",
                "pre_book": 1,
                "brand_type": 1479,
                "sales": 2251,
                "priority": 0,
                "wm_poi_opening_days": 671,
                "buz_type": 0,
                "across_book_offset_days": 0,
                "across_book_max_days": 0,
                "latitude": 30555198,
                "longitude": 114343971,
                "primitiveDistance": 1.7976931348623157e+308,
                "distance": "1.4km",
                "poi_type_icon": "http://p0.meituan.net/xianfu/424019d742dbb6b0193ce7ac54a843201104.png",
                "ad_attr": "",
                "shipping_fee_tip": "配送 ¥5",
                "min_price_tip": "起送 ¥20",
                "average_price_tip": "人均 ¥31",
                "recommend_info": {
                    "icon": "",
                    "recommend_reason": ""
                },
                "support_pay": 2,
                "invoice_support": 0,
                "invoice_min_price": 0,
                "charge_info": "",
                "ad_type": 0,
                "wm_poi_view_id": "359605713225950"
            },
            {
                "id": 539921325180733,
                "mt_poi_id": 160268074,
                "name": "优粮生活（汉街店）",
                "support_coupon": 0,
                "is_favorite": 0,
                "sort_reason_type": 0,
                "sort_reason_tag": "",
                "delivery_type": 1,
                "mt_delivery_time": "39分钟",
                "status": 1,
                "origin_status": 1,
                "status_desc": "",
                "pic_url": "http://p0.meituan.net/xianfu/1c58e3b4d704cc944603dca3aa68ec3a20751.jpg",
                "pic_url_square": "",
                "avg_delivery_time": 39,
                "shipping_fee": 5,
                "shipping_fee_discount": 0,
                "min_price": 20,
                "new_promotion": 0,
                "discounts2": [
                    {
                        "id": 103,
                        "type": 24,
                        "info": "可领1~10元代金券",
                        "icon_url": "http://p0.meituan.net/xianfu/c2c0f31d0ebf0f60af115d058169c492992.png",
                        "use_icon_from_server": 1,
                        "display_code": 2,
                        "sequence": 6
                    },
                    {
                        "id": 100,
                        "type": 20,
                        "info": "实际支付30元返2元商家代金券",
                        "icon_url": "http://p0.meituan.net/xianfu/652eea4034250563fe11b02e3219ba8d981.png",
                        "use_icon_from_server": 1,
                        "display_code": 2,
                        "sequence": 7
                    },
                    {
                        "id": -3,
                        "type": 99,
                        "info": "由美团专送提供高品质送餐服务",
                        "icon_url": "http://p0.meituan.net/xianfu/51639e2e7a51c71d967acc44a060e3092048.png",
                        "use_icon_from_server": 1,
                        "display_code": 1,
                        "sequence": 49
                    }
                ],
                "shipping_time_info": {
                    "in_shipping_time": 1,
                    "beg_shipping_time": "",
                    "status_content": "",
                    "desc_content": "",
                    "reservation_status": 0
                },
                "month_sale_num": 748,
                "wm_poi_score": 4.6,
                "shipping_time_x": "[[\"09:00-20:00\"],[\"09:00-20:00\"],[\"09:00-20:00\"],[\"09:00-20:00\"],[\"09:00-20:00\"],[\"09:00-20:00\"],[\"09:00-20:00\"]]",
                "pre_book": 0,
                "brand_type": 436,
                "sales": 748,
                "priority": 0,
                "wm_poi_opening_days": 39,
                "buz_type": 0,
                "across_book_offset_days": 0,
                "across_book_max_days": 0,
                "latitude": 30555246,
                "longitude": 114347326,
                "primitiveDistance": 1.7976931348623157e+308,
                "distance": "1.5km",
                "poi_type_icon": "http://p0.meituan.net/xianfu/424019d742dbb6b0193ce7ac54a843201104.png",
                "ad_attr": "",
                "shipping_fee_tip": "配送 ¥5",
                "min_price_tip": "起送 ¥20",
                "average_price_tip": "人均 ¥18",
                "recommend_info": {
                    "icon": "",
                    "recommend_reason": ""
                },
                "support_pay": 2,
                "invoice_support": 0,
                "invoice_min_price": 0,
                "charge_info": "",
                "ad_type": 0,
                "wm_poi_view_id": "539921325180733"
            }
        ],
        "poi_has_next_page": true,
        "poi_total_num": 1009,
        "page_index": 0,
        "page_size": 20,
        "has_activity": false,
        "remind_infos": [],
        "rank_strategy_tag": "1100",
        "rank_strategy_version": ""
    },
    "code": 0,
    "msg": "成功"
}
